latitude,longitude,temperature,nvdi,elevation,land_cover,pm2.5,rainfall
39.874540118847364,113.68513292883861,3.085284186795299,0.672702994208898,1715.9876348507782,forest,77.81217706720642,40.235046457775894
40.450714306409914,114.04190094737835,2.3489399535999915,0.7966813971913723,2416.296987899959,forest,7.674825966821386,16.01268050579312
40.2319939418114,114.37294583587641,35.312729026051834,0.250467898792499,2280.482789370477,urban,34.92878353141414,94.89063596890466
40.09865848419704,114.23222488640955,2.4773099924753055,0.6248740996069989,461.699714081321,forest,73.80025941481242,1.993846946903699
39.65601864044244,114.30656114786144,3.5974863064315503,0.5717459831437487,447.7484092244217,urban,46.53529256170572,16.953230885266635
39.6559945203362,114.15878336671072,27.969913120898184,0.8328303767882711,804.52310323474,forest,27.264539664179132,161.52517391259502
39.5580836121682,114.19227656451785,12.486992122526999,0.9060870604812605,1083.2241790231117,forest,75.61992628776575,154.29466897192128
40.366176145774936,114.34919565156532,28.83552784775906,0.012156771477386807,1225.3667442254477,urban,48.42146901717755,183.0277640809792
40.10111501174321,113.74966800885919,-6.731692121780738,0.6740199190587927,2039.0916505000357,forest,38.716146476012206,170.9030871821499
40.208072577796045,113.98942496364315,14.378559683669216,0.05183579911972902,170.0412964975062,urban,69.59781261605713,136.6351126479636
39.520584494295804,113.7212094418196,-8.319319990835869,0.5488586650773559,104.01811267819916,urban,19.99263871232597,10.466571460132567
40.469909852162,114.48766800799665,-6.867339827232274,0.2876327290436782,1175.731688831727,urban,139.1618599613111,156.5697235973315
40.33244264080042,114.44405933968662,35.321872667220546,0.3067765995221412,2091.4910764139413,urban,130.15531468788586,169.1021621681121
39.71233911067828,113.5394268113685,-3.037731444120242,0.3529585034523566,580.3060288694477,urban,106.1430878610803,159.8164291543909
39.6818249672071,114.2055751725157,16.621034113760857,0.6212924490496101,1924.513443768755,forest,15.932074138268431,101.69580706160521
39.68340450985343,114.42524831741567,10.554780130035326,0.3340499656687692,779.4844138208983,urban,116.38158817045395,46.58036772989633
39.80424224295954,113.68057534512734,7.367166312942135,0.7326990505902804,2658.258326440549,forest,121.19359921635285,169.06599513774535
40.02475643163224,114.06794523055262,34.99166728436362,0.4045273855738697,2687.06983279985,urban,115.16469265715065,145.43256194802768
39.93194501864212,114.41548829758804,-8.908830161225525,0.06835320030995862,891.8616128439795,urban,17.094883067886173,196.15223487777033
39.79122914019804,113.5339459785858,23.189484308779456,0.7837598424841072,689.9812618897215,forest,96.5861935601647,31.138519551186583
40.11185289472238,114.19742026724684,38.16972171067752,0.285758324592706,1233.9119161986937,urban,125.14871936240978,45.13291661041101
39.63949386065204,113.79734900737255,18.008409173092097,0.43276687959926263,721.5947555404462,urban,86.60301018295016,42.35962997630054
39.79214464853522,114.42439619537653,36.84112310165459,0.6854438832219015,2017.151529875111,forest,96.96110628421334,158.50795352426735
39.86636184329369,114.47105824516537,-7.387106035698812,0.332456157148712,2478.1940536448565,urban,68.75452191394592,37.381459290023635
39.95606998421704,114.44426648911343,10.939665953708069,0.056585656146715624,2019.276392733651,urban,79.3060979826079,13.331965964661219
40.285175961393016,113.97421421665746,3.0078895481025576,0.3739210470128136,2473.0513417480483,urban,5.156528752758782,199.71216131712572
39.69967378215836,114.36204265098931,26.541048249036493,0.9444485826943034,1190.9764866224225,forest,95.8444532959927,4.963442289029829
40.01423443841361,114.34454939853507,39.064854524862334,0.6417343972985582,468.9509121265826,forest,12.217081933673878,167.04881203177314
40.09241456886204,113.81910047324325,2.82650312221239,0.6714791486672069,2213.8528421927763,forest,65.2521891510335,73.07336831013056
39.54645041272,114.32891547415068,22.708730073703727,0.6322821536376398,1081.4235154246617,forest,43.89826465011117,168.32309195156304
40.10754485190144,113.5370076347155,-0.09511836201299317,0.1989921389594368,2013.8124756873974,urban,81.81419253175696,110.924098242229
39.670524123687294,114.09626987848205,18.266512728580494,0.41833386410228013,811.931825945297,urban,20.012450328481062,180.32624589727203
39.56505159298528,113.7300088372877,13.19662433441681,0.7509397983633183,243.688904420018,forest,103.74651029599772,185.23859728292533
40.44888553725333,113.62056688577728,38.60026648157685,0.10137289755315915,2977.7453864632903,urban,119.25173053927055,1.8196362561551993
40.465632033074556,113.57695320162921,20.42636363482333,0.27785277608971226,468.6045237917978,urban,24.503167461473474,15.082435198557654
40.30839734811646,114.19628877587814,7.475318604340938,0.2763191084658536,2965.262981890443,urban,15.646963102782324,50.071745914171096
39.80461376917337,113.83987496376807,-4.295210755603332,0.432018927594506,2931.839797699342,urban,21.827322418103872,133.86308327270032
39.597672114006386,114.22476677152876,-2.4376585632532723,0.9803687409421851,2381.4543117241187,forest,131.56913428477526,177.6544393023012
40.18423302651216,113.56535634079894,1.2658464975617552,0.06750254668382194,1978.2688862459927,urban,79.22838926345342,91.98839025879255
39.9401524937396,113.8152903378306,2.5483330670149,0.518700994380595,1733.421150753254,urban,70.08914940112538,121.39462325485309
39.62203823484478,114.03949129237533,32.53080289205689,0.17936468201221045,2598.304636133504,urban,16.006772865353142,37.69997055911223
39.99517691011127,114.29072316483897,18.061139414126245,0.9706765454097441,868.3185648584638,forest,97.43340101354427,160.99336677633707
39.53438852111522,113.81875250293207,16.169545568718323,0.1133035047274642,1403.0436374546312,urban,130.19993878426348,193.46562227069396
40.409320402078784,114.12589137643701,-4.2615564065391265,0.40360100236159124,1858.1699080995058,urban,124.22788039851794,53.7197865829195
39.758779981600014,114.38597774823619,33.00698466747175,0.7378849848346062,1233.5714276084732,forest,93.9082063471202,98.96519032010926
40.16252228435398,114.1158631881823,26.140715160424186,0.7045544280274453,1282.459362270804,forest,11.291807497751044,17.22322210127476
39.81171107608941,113.73295947475363,-6.61658190499992,0.42272863689393225,990.8540025062532,urban,16.859554076401945,111.82733129259368
40.02006802117781,113.52440078155654,25.391754861488437,0.34652416795271823,1692.695450053608,urban,7.396348066473701,100.55668836933611
40.04671027934328,114.37009887390093,17.176910867132303,0.39761237855287057,2551.723584045348,urban,38.62188247387039,28.88729683101552
39.684854455525524,113.5212694108504,-5.913732712661087,0.2642762631586393,604.5851340189386,urban,20.34922007405666,88.413242623615
40.46958462776456,114.3747016726842,12.915032076432823,0.2053329387067998,2803.2991162603244,urban,39.00720603786508,66.82093041731265
40.27513282336111,114.02893713402722,14.234814356502348,0.48303969755889,2067.262961244689,urban,57.75870835784425,104.36617506103786
40.43949894156419,114.4390676985129,-1.7112729918362124,0.2685337560676073,2469.8196380400905,urban,141.44741761067036,117.13086708575983
40.39482735042765,114.29878323577367,37.284907350014116,0.2874616648972501,1668.572077890035,urban,91.55640896725382,1.6991157214419017
40.097899978811085,114.49793411053334,32.49876857403309,0.6567560634745571,2338.5501042721903,forest,125.24606785244436,152.20119658991106
40.42187423502312,113.85071181545172,23.451116866455415,0.9685373316998922,48.601192018401626,forest,106.55272510684983,142.60285837234815
39.58849250205192,114.26718828893112,13.11477805003036,0.6036372005593751,2455.141274338606,forest,16.87546957899476,73.25727724130444
39.69598286241914,113.90193091360925,10.588277079225424,0.07697946706496628,120.41657725609956,urban,110.38806095609233,10.587187113763651
39.54522728891054,113.97987562030391,22.548673357547706,0.07558361385406698,2669.7401290885873,urban,41.26483223386867,150.98650795701008
39.825330330763265,114.12750546321837,17.271593470345273,0.951423220845566,2975.88824171593,forest,95.86617704920596,191.0350320956265
39.88867728968948,114.37367711418634,-6.886344705905719,0.29729079030733363,882.2023865303335,urban,51.144296046448275,48.030319204402836
39.771349031773894,114.48408346919929,15.625132438516584,0.09206698608247543,630.9556688573809,urban,149.65083948969888,64.70492274740758
40.32873750915193,114.26827341386452,30.320180861641973,0.5990445871503816,2296.090091574122,urban,39.53272192451667,36.76257789636299
39.85675332669359,113.91776678216733,12.961993879847903,0.6236487782902661,759.0790227607597,forest,41.86957061614045,115.38722466896793
39.780934509687384,113.92135700227708,-7.402171122286579,0.6485048201186882,2596.6871495166106,forest,139.60083833435974,30.96827892949099
40.04269608315825,114.23758230158889,29.313909969201653,0.2674020278575413,308.5277764724301,urban,3.6966606954484007,71.23878869227589
39.64092422497476,113.7387771457683,0.06818910679871948,0.015110684214475034,377.86558913807477,urban,104.50334818097953,139.40260278685258
40.30219698075404,113.61047411313139,2.931041744401938,0.9650153694544719,2937.454665301847,forest,108.79895861038172,112.02319660186969
39.57455064367977,113.85462215764078,-1.7646823283852058,0.2508930456911025,2021.5166948100139,urban,125.4567866115599,77.29251286558704
40.48688693660052,113.78723899165408,6.510753243574879,0.6760262880525475,2540.6616732868583,forest,146.1658965957713,84.04992036150838
40.272244769296655,113.79630812045599,27.83757528443175,0.7066298698787096,972.9881320545541,forest,146.34028787349786,112.4221765246459
39.698715681534175,113.73360775104992,15.969292975196868,0.6100074170794857,2029.4512485618131,forest,9.791513634969585,1.1729455774322606
39.505522117123604,113.54209318963636,0.24406370753562712,0.3129073942136482,1782.7254819257917,urban,123.27589841293538,15.701973690721971
40.31546142845483,113.51787393473342,33.89150390760204,0.27109625376406576,1809.450360368841,urban,96.9464900486072,176.25161355260232
40.20685734384762,114.48772238973604,33.97909274757646,0.5976682827027031,2047.5973786131647,urban,97.10132015596368,15.575797818258152
40.22900716804099,113.92777313373587,33.52892125230034,0.8660956336116915,1726.0775193872958,forest,19.25248899220422,141.36071924210103
40.271270346685945,113.88432664715968,1.9398105690769647,0.9467337289233956,1287.1871079079979,forest,97.528074966848,184.00763282181052
39.57404465173409,114.17964728269307,12.561967209049406,0.10590580440375763,827.7680831416405,urban,147.37238709018717,54.13672086034622
39.858465728544274,113.71825388786506,39.249482807043755,0.15482861259771985,2305.7439927396063,urban,136.77278543091705,74.09828741190285
39.61586905952513,114.44996118395022,28.600623815499517,0.9447362587830797,678.8172900095586,forest,65.86959912072759,113.78428116894325
40.36310342587559,114.28634501441555,-8.64162893872201,0.7365352283347926,2077.0629184632426,forest,5.9921959929141515,176.34179392771694
40.12329812682756,113.58941100231226,-6.739770436975397,0.8829938248297731,699.99846794798,forest,54.34402350003072,188.38111745208403
39.83089802485265,113.91758077578493,13.196568840616639,0.20263263413534316,1875.9905098633617,urban,123.95854674008328,147.9126496222536
39.56355835028602,114.37911830756217,35.461010293078004,0.5875858711094019,2241.234801387087,urban,105.2248652197749,17.323952170938806
39.81098232171566,114.4447320222914,16.935089897635713,0.7011395944174736,656.1416667196175,forest,68.90154833909347,133.83083110697015
39.825183322026746,113.96740151124988,14.890625401714512,0.6801118854469727,179.82990258392485,forest,8.265230273824663,82.06074437453242
40.22960617833807,114.11341138921071,-4.726315002168471,0.4081516908666981,392.9212289825222,urban,64.0342091734954,94.14019989821232
40.137557471355215,113.66703394609208,22.839005236214703,0.015394891691308477,1817.9909018130763,urban,70.35374095768253,9.829678069035408
40.387212742576324,114.49116862613698,31.105158030011275,0.5829260568042631,2548.3392186772066,urban,139.2833299341204,38.212427869271636
39.97221492516195,113.73167170138345,9.021000375378115,0.25310153917960876,134.9904637062731,urban,96.16291553732391,158.10272150672955
39.6195942459383,114.44273177413513,28.780592546266377,0.45025424614289034,2202.453777124939,urban,46.74793749819733,90.79176660957195
40.213244787223,114.14964664899237,38.22383269504058,0.9575810150838173,1023.9559378501564,forest,78.79773966760821,60.33244832622977
40.260785048616896,114.10773679487886,0.18832295638445373,0.3990353176424347,1435.5851097585676,urban,9.908296173324011,76.80381479299163
40.061277197569495,114.0126885110165,16.166481559737065,0.8398016066644267,2786.578649536697,forest,145.88523534746054,170.87990266513603
40.27096717995456,113.73066981171776,4.356897904228777,0.18854060574925113,995.9145142075364,urban,54.0089852896089,149.7998034809914
39.99379559636439,113.6765280320055,29.64272095169197,0.6724604980250288,1396.010801818458,forest,71.68010323697037,54.46307943621655
40.022732829381994,113.72048620907017,18.879668294057875,0.9770069544389435,41.047244282043316,forest,53.29259613553839,23.500368042474662
39.927541018358546,113.68643826214425,21.72912087751519,0.10189310087293679,244.7961600145151,urban,102.37675951743002,50.39964432881434
39.5254191267441,114.27958447356676,29.895707980794704,0.008319942227192012,775.7747734043521,urban,99.33482374943895,184.15129021094674
39.607891426993305,113.85012525916673,9.798523633122745,0.43358279263261434,83.55672246322321,urban,107.29834657937035,116.31776756995107
39.53142918568673,113.5578426765634,35.75450342035216,0.0926254830513672,1894.125978144753,urban,40.22148444178812,106.69604174895657
40.13641041126378,114.46910263014081,16.651443362307,0.7483843496762314,1279.1950704048675,forest,47.3502721746099,119.2787199384923
39.814355981076325,114.38378588496343,-2.1022588582325996,0.9145486638485589,1644.435608184066,forest,18.787684664431193,73.20565314930305
40.0085706911647,114.42775228319522,24.794955908440123,0.43402097270875883,523.9415576889886,urban,98.32649577691689,161.42140406390254
40.407566473926096,114.49490782264644,29.663067521912723,0.25871164215544096,887.7960883098483,urban,5.969569100347883,104.65724986004996
39.74929222914888,113.67389524921948,5.838083853376334,0.4344033190066098,1991.4734245581753,urban,89.65235032851886,23.349580553759107
39.91038292303563,113.89624201890265,32.85896284993765,0.723447817850001,2895.9081708911995,forest,130.45438272774507,25.81302496581259
40.25555113854305,114.25823847570409,35.30716273828832,0.009054161580370979,151.2503208066276,urban,133.62482224344504,107.37182930052367
39.728798165491625,114.1960206180538,3.845224368890447,0.5894539894846972,2671.152962565798,urban,67.35566405549426,187.31404361416784
39.57697990982879,113.65389590633986,39.1760736357611,0.6132916848873791,1730.6436039336254,forest,68.89555323196106,61.67042433523975
39.78975145291377,114.31583312499062,-2.964423597562079,0.6376882468959355,1691.758700266871,forest,11.545377451202604,173.90823377184367
39.661221287254,113.72444057183667,0.10078342012449859,0.2420220799808772,1500.835605623281,urban,100.61475381645536,152.81911731577586
40.429697652342576,113.72381761482262,-0.7887580380986936,0.7140527233781268,208.18225771255015,forest,123.18891305592682,49.56248858138137
40.308120379564414,114.03697442289341,34.69948550039352,0.0913914863317764,269.630555208482,urban,36.69825819070696,7.268149663248491
40.133403756510425,114.09293993484171,22.714627616248094,0.1992703364668008,1802.7360169772583,urban,63.1951322450047,20.36945302847655
40.371460590187716,114.08008620783781,-2.3947858388863565,0.8774700466544819,1022.8757143066749,forest,125.82590051479055,145.69878676948804
40.30367207689911,113.59148683739775,12.016170918417448,0.7387231507265664,2751.804199733042,forest,131.5680701493432,39.93394760812934
39.68657005888603,114.37746086263039,20.764901253490102,0.013745554011345251,1219.7716120784169,urban,36.47699703963389,74.25418410107876
40.392558998489974,113.7656000425887,-5.826795750530835,0.2483762603698002,429.84437610792327,urban,82.58559518120464,100.33983320128496
40.03934224191565,113.6295149212828,34.12081842036694,0.21440648299316456,2144.156500506108,urban,28.87397259537406,145.09363369003256
40.30744015516406,114.38874807986898,30.180176772076756,0.2708063280369726,880.0602643230295,urban,15.281814620933481,22.646244651825075
40.39609129992349,114.45565149822976,15.26033867883191,0.2475597702798864,1576.4109220676796,urban,136.66807520879362,81.27328105549229
39.81800347497187,114.36212761726546,38.35633076295852,0.06252629574284574,2093.4983565155103,urban,123.07612563481638,97.01458182853908
39.610051924527674,114.30951607472488,10.888048963754986,0.45894051659682034,2700.7923336062113,urban,114.00523527047609,108.16541279430794
39.72793516254194,114.15524198063902,39.20551595182489,0.7327334747861651,2376.573584405028,forest,7.314947821971063,163.67212827904333
39.92710778862626,114.05085737060914,23.395999940181355,0.6067317247174364,2029.0832036181723,forest,126.55931890653862,34.33563900864338
40.31801476592249,113.58698675991141,21.733563662697073,0.6728716685980798,2038.8995471854307,forest,65.70661138580756,161.56629036532445
40.36073058325634,113.9084532130707,-1.7022552352107496,0.08114917853623915,2837.7739320962596,urban,51.359268494378945,138.57568553933044
39.50695213053119,113.8726885170123,34.0963879152322,0.9514907101767872,887.4722924896081,forest,81.97145415380646,111.17416283979186
40.01074730257756,113.75975378376033,11.37448439603076,0.8384918338430248,3.3362825885622227,forest,13.702986408533373,139.90557408051438
39.91741100314878,114.22342011368859,-1.8883297108760324,0.8050903184956627,815.863678194596,forest,113.49698240285983,82.40354779033127
39.72210781047073,113.99587573507877,-9.369624001212047,0.8229838050417675,653.6741388802319,forest,87.36526153324438,27.679517193624914
39.61986536733368,113.58104621590765,17.987784181919128,0.9327105081327614,1985.5037553419945,forest,27.988514530975127,133.15304805307346
39.83761517140363,113.72018320194981,16.369981106133817,0.5442539661136977,1901.134799296587,urban,28.234829965356838,104.93446133712445
40.44290970391252,114.1832587636596,25.967681118457925,0.2002820178676259,1780.3841481141715,urban,27.637297735901136,127.8749601085551
39.823202932020756,113.5761308594903,34.512902650890105,0.6167836078525412,48.730329628361105,forest,8.550358132790098,67.599756205698
40.01879062174336,114.35120691404877,-6.029670767848524,0.742881493667939,2186.3341633519426,forest,88.16976740575272,181.3733154679672
40.20301895889518,113.99514652701397,26.574824517018115,0.7379173933540254,970.5912374564746,forest,126.05222663827621,117.47397371511539
39.86362960237929,113.98058657732665,-0.6294027951208889,0.5214490241668801,1995.1679670198932,urban,2.6247320981082902,17.080496858174765
40.471782082720964,114.09240778465951,32.9088526578582,0.06845871933357806,1669.73528550646,urban,7.350696745691032,89.96079814088573
40.46244729494211,114.32468096592515,30.953175693082805,0.3711129384301278,1028.1927762837215,urban,85.91554150304187,151.27121094872686
39.751782295825365,113.84780920790219,17.03968774927722,0.9207666084633573,403.72880131232324,forest,122.92435280790785,158.82691234645446
39.99724850589239,114.17801615255907,25.512139931165578,0.584448909757426,283.2566929814428,urban,49.01083358529504,98.91941055275176
39.80087830981677,114.06573196399579,5.71750565918742,0.5383319432557134,2494.554999336671,urban,52.44215982115833,178.9495141662602
39.78484049437747,113.76702827016942,13.558394946640732,0.2688535143821935,2755.192626244674,urban,89.4519746245164,53.53368743885951
39.53688694735453,114.37862998635516,31.08184488552358,0.3684489199165789,1949.3641402928988,urban,41.13193336862205,82.11973944765332
40.1095643339799,114.29742602160692,12.963259858660695,0.8953460891531693,310.30234458145014,forest,3.9912549116526197,179.719382113794
40.002679023228865,114.15845183465842,7.889913266272089,0.6664630475268357,1206.0816506647222,forest,110.28427771523941,179.25134329431577
39.55147875124999,114.35058172909424,14.710622362514993,0.7873870267523329,2186.8176003154717,forest,93.84748694121797,137.14255376493617
39.77864646423661,114.3672942009598,31.412462621860918,0.45434542306765513,2339.4626520302045,urban,87.11339985834887,171.79610942444404
40.40826588596666,114.20836297671504,6.760402368543637,0.6302472194561579,354.6558668732658,forest,111.25261934877346,17.754653391246535
39.73956189066697,114.33701332836367,-1.31192034321281,0.24838360874320753,0.09215653614724761,urban,101.28462563430563,172.99899524155526
39.64489487209122,114.19747146166928,25.60070101653904,0.7054608302834863,2136.411137641815,forest,30.882298226748173,64.12398131004535
39.989452760277565,114.1801407717603,31.29891063540409,0.4276013337033373,1069.788527958617,urban,52.87215704150267,35.666302485643264
40.4856504541106,114.11861137821518,-4.968126073823333,0.4425455148147456,763.4439948547807,urban,18.91652125179375,47.87396726840927
39.742055271511504,114.25271663955765,1.9937056377972358,0.6493223245768817,38.69240936857632,forest,19.478552012682155,83.59370160277741
40.17213554740588,113.65860510529308,-2.901400511950305,0.9362806214689267,1620.898220284499,forest,101.42936195348088,50.23840092089345
40.26161961532872,114.38087075919893,7.39707057910833,0.06400634660862092,2553.452206277945,urban,128.79001604737473,64.1135172032998
39.7376375439924,114.37184352774523,12.517548945270633,0.8247432373470076,2872.894938817764,forest,144.40988757917086,26.995697214328416
40.22821634861186,113.52924728303456,27.44131684816532,0.2923831104121931,1697.2348518398676,urban,94.25206763241665,59.235353111799704
39.867783132719254,114.32581675056477,22.557379244083705,0.4439194545063778,1543.3839832196825,urban,27.615198504143546,114.45676290840024
40.13230583059358,113.62886986747344,21.046428373921557,0.021913328775008956,255.16915646772333,urban,15.847551817339605,88.37074161821279
40.1335297107609,113.83511885425914,7.618747330482719,0.30104607783431303,1646.6184046277992,urban,121.92764573051366,69.34375224718224
40.03577468407476,114.2435082562916,32.072377654238,0.5026312426301305,1139.9372368961838,urban,86.8134714539999,149.2904257714228
39.59028977005441,113.6607598960483,13.564358369908227,0.05617607734743901,1821.4058426507308,urban,92.74275315205797,178.7019942786636
40.33530249558924,114.31796702411906,38.95524690075773,0.49109572938316515,1166.17904362964,urban,117.21931331320638,151.3578445804794
39.820780064971736,114.33213417795774,21.70710691478684,0.9271106288584273,720.8973703511002,forest,105.49158415986774,66.40014042353583
39.68651851039986,114.00746773376083,-3.6867629217748634,0.10539321810780522,284.8958256851295,urban,125.1687379284145,148.88843356751073
39.54077514155476,113.50638587171683,23.808878103771697,0.7644407280755043,944.7553337666872,forest,8.432085818981772,30.39603649481024
40.090892943188244,113.78703813317492,6.255200771584949,0.40967105337599263,289.93450286325685,urban,112.12809551197573,26.063597618258182
40.17756436184228,114.11692691837574,24.31635983430487,0.655173714524338,530.6908524719518,forest,127.62791359831431,69.12540740723179
39.516587828927854,114.48118617802743,-6.517942591879713,0.26023659798522936,2962.0084757386376,urban,42.920256368747154,161.5404738088114
40.01209305829928,114.13181352701667,-1.2559281412020304,0.1594922625413583,1332.3106707198558,urban,96.06709109898793,49.26964944846037
39.72649577519794,113.75980358106416,32.786862945289315,0.16046261427122643,1595.6152995150496,urban,47.124309575545816,12.650681779735917
40.14517279040945,114.13400570309962,1.3589778511757444,0.07049194564314465,2620.855586211646,urban,143.6956599723681,26.341907041271018
39.67436642900499,114.03998537971586,31.852056262147002,0.18564670490124302,2986.7067014720633,urban,5.013535865325563,171.74899370591604
40.19093773810246,114.27984539515114,3.9638044227205214,0.6642193849889683,1748.1433480340445,forest,86.96892657494325,126.75665694945752
39.88673534630054,113.60698063882695,22.144095502935386,0.881690611843508,2437.421463132515,forest,24.975532057427262,50.640232673995335
40.43672998873674,114.26102790250202,24.707528675491552,0.8141256855911618,980.8230730100258,forest,106.8330307765738,111.05916506563626
39.63752094414599,114.04126657867612,15.632737657252648,0.6851343098744841,917.2318723418733,forest,26.383542512799313,105.51592448507007
39.84106635105026,114.462992003859,5.265533834836564,0.11043186341110267,1208.1111629836805,urban,35.307489284753636,131.08719568813225
39.613473521240586,113.84187216603868,0.6322188185548061,0.28918744629594983,2017.5217880209475,urban,74.15562165686372,46.63751088432326
40.42469361827856,114.13262189313394,-8.34053227187869,0.309806875322469,2046.5750677652964,urban,137.2252424995317,172.88059743887953
40.37733935338098,114.43202810551001,5.197320062036191,0.24995694639762123,945.7183039483524,urban,31.757155822195628,61.87371241600257
39.757941627715155,113.60250972799068,22.65813952656415,0.5150056597097231,399.6297724098861,urban,21.63600316771553,138.82633079524737
40.15998404603418,114.43722848723645,36.91524092242413,0.5355538148796726,1897.1887693965257,urban,113.8465247781046,3.224929274442978
40.317222200201215,114.18788572230082,33.5602241131526,0.3568859751711102,384.97758656629355,urban,75.09292985008965,74.53142597882945
40.05520081159946,113.56783705910517,28.30323882676513,0.353789158736436,1735.4775246879901,urban,136.7677668572657,70.34196359176165
40.029650578356005,113.80096356694682,29.422367162664933,0.8285555979060814,2080.266384168927,forest,21.99218357397634,108.69688571660289
39.741852290900454,114.20817208864528,23.249245173799764,0.7892928483196856,2101.834489183355,forest,96.8891839534559,14.5472523554393
39.5931027678059,113.56735060146877,3.01434287830015,0.30779583168074565,2260.4163319787904,urban,34.93187192277226,158.02627474522166
40.397215757953326,114.08217046017627,35.359751535291494,0.9137884438732593,2618.5782646969938,forest,23.514064297745897,43.556160353513704
40.40041805716333,113.84588305695296,23.5366155952917,0.952815017002506,1499.8769758943654,forest,102.51441227359058,135.40756297640203
40.13310145727327,114.12091551776747,18.022031549021996,0.32674254203004083,2190.7475685887134,urban,89.05269298630998,160.64242464881863
39.8390297910487,113.54574203381252,-4.4505265393259466,0.35442494879305486,1857.51820609751,urban,113.22411875434969,112.37539124830262
39.84920957461266,114.37153680615238,12.35277719032127,0.5056341534219588,559.9198193930476,urban,46.41938646692736,148.1766413443971
40.22595567887024,114.4734889691774,13.017913560096314,0.9411208125336735,77.06893460822451,forest,67.19574845732849,132.3720624430011
40.397110259952576,114.4688778552857,33.228180476133495,0.8763194331423115,853.6241570308013,forest,60.82075144956277,71.10595943040153
40.38708642426512,114.24965183174292,17.332411009389425,0.1025679625835898,1329.1011190128581,urban,147.61341959497713,161.77170780671307
40.27987554585762,113.63008624013064,9.020027448520484,0.3927307432714162,1851.3178332859688,urban,43.837343510908184,58.9402739771056
40.14203164615429,114.25826319592902,38.840016425532966,0.5533711897497718,2549.877991509616,urban,44.22258575201503,114.24258355030344
39.584139964995046,113.5245869164588,-4.463970333684216,0.50313247255154,588.737150118497,urban,53.18223132429111,149.0795478283079
39.66162871409461,113.52212355152899,11.12742141559723,0.19386306793689267,376.6493696954313,urban,84.68911219354823,75.79118196250153
40.39855418852708,113.82361021914954,-7.898766241429735,0.8588167711681547,2890.4398424229826,forest,37.84841163956179,60.55352152348501
40.10642905965959,113.98864319040466,26.995206038346517,0.6769407829968374,324.1336781292213,forest,137.2934910568911,91.86920203456455
39.50919705161663,114.27040741780779,35.90382760995753,0.8379083748518036,1435.4732103215674,forest,39.852834729939524,163.5926988698307
39.60147154286603,114.18329537660651,4.001866477524471,0.8587642793494722,1756.6911863799057,forest,134.3723597340292,185.98435262913296
40.16350176910806,113.94590270637674,32.91708383995604,0.7483558536657398,1624.1232627223148,forest,15.521259546987698,109.01668257197802
39.50506158384622,113.77362666628167,4.610911523094888,0.43921060124971734,258.0964710988296,urban,98.48440535994784,132.29324106473038
39.6608080514175,114.49712450015771,35.53850808219576,0.6105467550154245,171.0807420108581,forest,136.04782776573654,180.65472444778283
40.04873378936659,113.92618130223597,27.6980951798392,0.16036540611974315,316.45028238310704,urban,25.31241575973443,19.70937028258848
40.191895197692695,113.95138702432968,30.24533884207193,0.6736454174749077,1756.7630516178376,forest,145.24904401488826,46.41571557323301
40.1519612595026,113.66362382119166,-9.099672219977275,0.17925325573928075,1633.0346629029632,urban,67.93250406232676,141.7800012503165
39.72426930946056,114.29480954874992,38.1405178537013,0.6939495905101568,701.2223761102327,forest,141.85726626615366,164.74889238245993
40.21217922134753,114.19368222578149,26.33354960351616,0.22959816075396866,1913.3224255367747,urban,101.52300654450706,171.40580566611558
39.7372490874968,113.72076961278876,5.237554769306666,0.11755130015021997,2460.2025061669483,urban,45.23803048103273,83.02143537098652
39.825399698159266,113.58238104561585,31.469733242942347,0.16528449014295743,124.7368795397813,urban,28.245378737565964,17.867980458373367
40.24649140511802,114.18049930207471,4.0760599207464985,0.001992135219070268,1494.3898306441272,urban,45.56025693376491,87.55629545992399
40.14963289904721,114.15451121428113,33.6376919783064,0.7187396178535302,2067.9312363080708,forest,13.952611389401248,46.14691804141076
40.349223410494176,113.7732595269982,-4.3709804794031495,0.7324010490583791,756.9357812090612,forest,21.580194951499465,58.23929099932484
40.15761289230034,114.4508635622504,25.184298873039786,0.5149333499132595,923.3127158794473,urban,15.69906605197217,154.45351136750116
40.068308603335474,113.6510578917809,17.034923832245518,0.1613628010553837,1840.9137089681515,urban,63.44153156123366,15.105417205177375
39.59367476782809,113.9323348010426,-5.173276490227959,0.08355433751068975,2693.8058803312106,urban,119.33675643863796,165.51624349614042
39.86771580305943,114.4436159201676,2.0946914129419483,0.01912896643728701,2429.773260908698,urban,21.20753313245103,85.53381716483382
39.765202367681724,113.91972731692613,-9.379798186134261,0.1657481769652207,1749.3906572987505,urban,19.548064975850384,119.21278622011901
39.74398964337908,114.13852594766409,13.438398273225292,0.8908555349831467,2190.6651532717474,forest,96.51434242759962,17.9304462471358
40.47301055475245,113.89759439796279,5.063263038000018,0.24153684170168177,1094.467410623396,urban,29.57744729520994,67.47181567145593
39.89309772466676,113.77421520234867,19.91787421488794,0.35427132721721566,1922.8965842962732,urban,14.64150571634874,17.940183802969155
40.39204655517711,114.48397764795983,4.8618903854308595,0.10534548448133318,1398.5447733826709,urban,25.027286730836646,192.30874457622193
40.131138625997266,113.90933400631505,4.995955575349235,0.22236130474817029,569.8084093726827,urban,138.55970938151643,161.45232986525008
40.29481130354165,114.39409920367913,27.15965993658017,0.5192245707802051,2105.2148216317714,urban,123.22068791642862,91.92655087129205
40.00263709310519,113.72995460589108,-7.592858201082327,0.6077526830956526,1669.393912046466,forest,53.109684353264115,44.72050966473422
40.07690388462636,113.71310470402508,35.144749759599364,0.24535231416621106,1075.8647458607743,urban,98.37311509910892,186.69102104997043
39.99251769381886,113.5311340828845,32.61319371955907,0.05773215922511721,2734.017570235892,urban,80.59135105020572,68.91931914539435
39.695242987798046,114.15166682537588,23.39023416132033,0.39103286912739865,62.8023534801998,urban,101.56863952238459,32.19688633747495
40.222452115261504,113.86852634372376,19.661078505369215,0.23420337092633414,947.3194537484881,urban,102.4006728694139,112.63287769079098
39.78077236244086,114.36435824983964,34.615124906982615,0.21955392322980194,170.64419333293966,urban,94.31010225899894,188.75482406896322
39.52431596643145,113.97320990669155,-0.7334910235642784,0.9598628027134553,2299.5819486648816,forest,39.91520528059629,0.766058100064515
40.14547229590717,114.46819342791473,-6.051541890458569,0.6163004859257241,2106.322362341378,forest,5.850963114422719,47.62496865079975
39.67711067940705,113.68552551570312,1.9755084954769053,0.5568784431720959,994.0566562089512,urban,68.33501729851632,187.68952808208152
40.44045858435292,114.3686231679556,29.728913935009516,0.4157751035233219,2026.988706621219,urban,133.64608270360557,34.21719337143241
40.453928577002586,114.27659685279174,-8.266486663675835,0.42894433343014426,1187.8116785878494,urban,85.42458877778638,22.648690327963973
40.41486439022045,114.27092184464405,19.140341754174482,0.5409050038380808,2268.761374267303,urban,124.85865625528619,114.0374431599609
39.870158700255445,114.34478322811688,39.77187580956549,0.6964298070361072,1362.5509882101182,forest,148.74365144418422,172.36876465896597
39.515456616528866,114.261023990943,32.78480469187697,0.7021460961818294,1236.8391834949966,forest,24.54243062074144,95.42196353878522
40.42831856258773,114.12622032163142,16.072284452179474,0.17169390770544957,2804.189746464903,urban,103.76664587129734,198.91285133690496
39.928184148317314,113.63124487768239,-6.817954535667883,0.500112752076627,752.6372996721007,urban,101.1440360550037,135.83433990759858
40.46665481904367,113.53252617949126,31.568675719285494,0.41195809503410197,361.34201998969627,urban,146.99331710374176,14.814981442089547
40.46361997708925,114.4208478478157,19.94892540886053,0.8705269662693842,1753.6293397783745,forest,147.84011009292004,198.56642633639507
40.35300945546736,114.11665031452074,-4.253350147021658,0.6314189212183764,2907.9654368525366,forest,103.00179175861942,81.57884735603808
39.79444889206959,114.29653729097618,-5.30713575883219,0.5325040664159818,1133.51764118156,urban,36.54221879732914,57.48050676909651
39.88509772860193,113.98152235151255,35.48134097182962,0.11539464217891737,186.11029088634456,urban,119.78337571958986,111.57583671557711
40.351136671516855,113.6173081889624,23.46001314690392,0.6056378893234114,1017.9158019287023,forest,16.054370131655716,60.86151836417286
39.81692200515628,113.62518579220254,31.464339965837773,0.11720390568023342,1517.7949629586753,urban,117.1048956257443,17.291501424030464
39.66949274668609,114.18556528722897,33.94894501411336,0.33720657556575206,485.7690198966411,urban,136.52941862170445,0.28566861583534386
40.05680126245835,113.93030589489946,18.58861760241611,0.14284196481433187,1974.3066541694761,urban,57.42500921526529,89.91667058405245
40.436154774160784,113.70052472670034,15.872317587752065,0.6920736470243689,2993.248167030602,forest,94.59529424746206,167.37268444531844
40.19602979667497,113.99159454674144,11.521370516049508,0.2062521138361526,1355.2184279443316,urban,64.52140981452395,114.46303712601531
40.07006117008937,113.56420893707514,5.847329389555965,0.391859373188026,1064.185670190638,urban,65.66475824821927,199.84145978868816
39.59717649377077,114.0819714019144,11.729798042935588,0.8956747776187787,1202.1125005033998,forest,46.55563336621801,57.36932912944
40.11500722669917,113.7689934044351,28.693982786507817,0.2043163833989703,345.4385351856034,urban,114.31944306754869,56.09101295201106
40.49005385010426,114.29755910063719,20.09617155075658,0.5078050639587791,2649.8208042786714,urban,140.42648462497579,31.94989204678884
39.640084015236525,113.81036195892358,34.6261644977423,0.419271661166022,1244.4769665640558,urban,141.11262888516916,32.81271765306704
40.01832965236374,113.9552201490818,12.169000718959385,0.018124041045729733,1161.8232342745239,urban,26.217192731240075,57.03731920200956
40.377373071927956,113.5116205399081,20.3544789359377,0.7927581135728128,1979.0708187914229,forest,131.2115474484849,158.56800905470544
40.240768617754206,113.57244688779456,21.565377654599438,0.06904590631459973,1326.1002627933706,urban,110.61471621406832,181.15135812728957
40.19701574099527,113.89249355640669,19.584858115316276,0.4742550209769536,1944.7004064235382,urban,37.92561010354339,195.01743394153627
40.20248408398711,113.97993883471712,25.13168865427582,0.5606782949389499,184.3388703923625,urban,10.092691938227183,46.457930819290524
39.85949115121976,114.1000205481193,1.8716734187403148,0.6284264566145871,2441.1700311666823,forest,40.199590032656694,176.25950912281834
39.79359184426449,113.7916625787093,15.618188877289533,0.6886316293078756,2821.5118586382077,forest,136.83123551722883,65.65101785546742
40.30936115547851,114.19498188612654,-4.788759859582616,0.2532723835227151,1946.2961584781578,urban,94.97680123436584,22.56810890337688
40.31011339467918,114.3601223971892,9.225566382240629,0.009978776658449373,2863.6977865764325,urban,108.15819913468077,174.00498510403312
40.36707231858011,114.27985098889334,14.38335343106322,0.723443662354912,454.29694310988987,forest,38.572852666364376,127.22112692872372
40.41324055255647,113.53961882534836,22.611212977273624,0.5356565993475786,1432.248568441061,urban,107.90822333622305,32.94617921621234
40.01134239886094,113.98050694725782,37.526552629310174,0.8361177032072488,1805.4202018363417,forest,4.218225941688564,85.96625150260051
40.0015162946872,113.60493017841817,20.032553327417794,0.8213883629006943,1745.2099422635602,forest,56.298201865952066,57.45153897541353
40.298295178966775,113.74204501586253,27.179695808827987,0.8433261677878832,1204.3853372671297,forest,94.01300228134969,147.3589137420394
40.149963930777766,114.48666259326714,15.313302974760138,0.48509465997954015,1014.2532280987841,urban,21.914484831198035,90.68324612485361
40.2019668772577,113.64249554290151,21.705201568816566,0.33362839583686565,380.4720676512564,urban,123.45053616704021,197.855989021277
40.2957926694361,113.99888815345136,-6.453389193311328,0.79155820259137,1175.2273516868345,forest,35.254694821787794,10.948996451919024
40.39000534181756,114.11815573431812,2.7195790420923487,0.45129411302925493,487.9824453164554,urban,97.84216692276694,71.00305322724934
39.837995156851534,114.2024649705441,8.092654660256933,0.1834421964034345,2203.0970294766553,urban,60.77957138629945,96.38003342199548
39.875582952639945,114.05964868348691,13.624667750325678,0.8549740195614743,626.49280648377,forest,89.40653932164707,100.62671094966396
39.593981939840866,113.50977084741919,-7.717562724880813,0.8825598767723473,175.69591585360155,forest,16.11758289433622,63.187164477127354
40.07828014099617,113.82646130824399,-2.9987951223341156,0.4663097561401701,1657.098413451703,urban,2.536919988241099,145.8480498195136
39.53594227379674,114.01771164338471,3.8407153895652897,0.07569972730978747,1785.6891981582048,urban,136.43466410704517,174.94941469779494
39.96559801813246,113.58786649914484,38.576634545052535,0.38782608991693124,2615.7391838415165,urban,40.44450131507742,187.7438603955726
40.04264463470758,113.85062693120918,6.567350355152538,0.8035376594626034,1730.9448372530455,forest,122.95155041706886,161.01867535990525
39.78654125212829,113.53320310879137,14.102052905604125,0.9017740285462287,1036.4425611703373,forest,149.90254507083003,170.11603946131987
40.09083326056901,113.57857849715502,-0.19511436308035357,0.20347274249759584,2409.0356445789616,urban,31.714688699836675,110.1090601239991
39.53050024993905,113.89692327620159,20.53900355378841,0.06697361202527152,1620.8366795622633,urban,39.775611177503336,165.17764528536293
39.53734818874921,113.63271575404306,4.034160775798716,0.8773504531328387,237.84085389357523,forest,99.42896814519985,60.70078182959045
40.32260056065966,114.06754084826156,0.34962892192133843,0.3894049389788753,1697.55168093974,urban,144.81729519009318,79.69575242184288
39.860190641411265,114.18946496913726,15.828631422298955,0.5417609642675633,2724.0556362649872,urban,137.37215222861158,63.38260276370886
39.62706051265189,114.30058669910909,-9.724710041978959,0.9680658120507589,1188.9378764946616,forest,75.43132800983773,93.47746708958509
40.02224326005481,113.70015024424481,-9.616798367538733,0.06656472791422285,888.9774056994002,urban,119.2665423790087,57.115923247727274
40.26999355309861,113.66748258225907,0.9534404550928883,0.6483180074520956,430.4083710540602,forest,20.36187796498516,192.32228845088937
39.715821027496844,113.6045678403344,-8.163931874958942,0.07410542257486707,454.336565806072,urban,146.61572763060184,62.56892560113363
40.122890475819,114.13643024954364,-4.598712293465431,0.3754689284665004,1298.3144530254567,urban,144.652985105398,19.608907622187964
39.58534746499377,114.2064757264869,6.943032466937581,0.8038145451934468,1787.0394724845887,forest,24.559343681875646,105.36343321008268
39.551681721168606,113.53158614482564,30.129283978990642,0.4334722327556344,241.84621550880524,urban,44.91346872046599,11.419815689035273
40.03135463156815,114.43621224624368,18.602432168465043,0.9971823539029504,2818.705767075497,forest,15.023249626015039,22.108633261716104
40.04063512161011,113.55197128365147,15.63338629782082,0.5590592849466022,2265.400852335588,urban,40.75763983472696,43.87787783924926
40.13742990149821,114.04129633530107,4.674441160406083,0.3211621526359535,1759.871754850988,urban,122.39336841228099,92.87004997642833
40.226091333722664,114.20906051945092,36.587685971640816,0.22011132590475313,2485.3160128169725,urban,56.74734107478892,86.65018646180557
40.475852079462534,114.37096912374608,9.850752061859584,0.3505205342861618,240.56027043633986,urban,13.259545072013756,159.93837240055825
40.01630034830119,114.21408693213243,-5.645361660211425,0.3725332737595508,1430.5166331993732,urban,51.33382871683568,147.89493077682266
39.82295647294124,114.30172808306979,20.853325805890066,0.06871367772396098,1890.2793805849901,urban,147.207500136192,85.26365879814026
40.295186194768704,113.83945019254281,-4.30808032616993,0.36957419942677316,2485.958718354868,urban,94.45253928888044,66.74084151512598
39.77083225126207,114.31482511374651,7.261157140084606,0.4642385197392249,2350.4086801478034,urban,62.42414196092366,63.29375681229972
39.938971420705634,113.58011484638467,15.370596935890443,0.7227377522388047,831.2077491401989,forest,24.980777024590502,154.7990174588018
39.578456381342264,114.39481665606053,33.71112623425879,0.656729484721608,2822.640508677613,forest,147.92651959255423,10.414481244253949
39.52535074341546,114.04759237615373,14.677329017005935,0.7087656552291542,373.03752429261107,forest,123.12735138946931,2.564329902121165
40.46264841467792,114.3172977699625,25.112938301583213,0.008363681876857099,2625.4008558634564,urban,42.22159536763791,159.1088783853296
40.335980120512204,113.9523182845183,39.64084194995352,0.21766739958053605,2912.8207488138555,urban,10.510304358178418,95.42927519780986
40.195974206093695,114.14357769519653,-3.425544005100919,0.6616842883998565,531.4605696678767,forest,8.493833606633705,26.176227710715196
39.90895294441427,114.02640266093611,3.7365762759759757,0.48398936817974714,2166.198192611356,urban,18.056722425830074,47.113186918900254
39.673294320070845,114.23158952175532,9.72880377988232,0.005313475668345946,120.85655633399539,urban,87.11528754216324,186.5007906194765
39.65643704267109,113.58162998203059,11.091408926941568,0.8044946424318223,1216.2684754174647,forest,139.31451318082387,171.9005951249796
39.75024289816459,113.56035208399057,10.551053763277288,0.7728095732903374,1548.849897593022,forest,74.51151420089766,141.95701004479452
40.04922666470612,113.74710323401014,35.380550127827746,0.5484191629935626,1741.9356777289022,urban,126.44182236842957,96.44504606746531
40.21459592270006,113.65954468011319,25.70163222334282,0.06646332577627212,2807.8117447456784,urban,66.88299297897117,104.06472523827715
40.16019737671773,114.3717835665922,20.395260704535186,0.7665150495325846,2016.752061882584,forest,106.28753186517379,195.04890705679173
39.77993389694594,113.71921398735805,5.468635893139105,0.583713587731364,1443.833853657711,urban,109.78091059297512,193.15408877685744
40.45486528066319,114.47586525581913,31.189519211064734,0.7819599771579592,2429.025108797668,forest,26.094555885500796,43.05380915716685
40.23789691669577,113.83689579177111,37.75302557424945,0.7517469923958404,2851.598462863227,forest,54.182408846371764,162.22091326106363
40.0543540525114,113.68211791568869,31.059914127511327,0.8030020719578371,66.19844604687253,forest,95.59532348070358,39.44853323340336
40.111720746234354,114.28969850714248,-9.921744740426355,0.5180080664046248,2947.563816768116,urban,10.604491227654927,42.70749557679028
39.91960006242779,114.15870777550087,21.82006850917035,0.140324518193515,258.396417191041,urban,54.23102816444349,135.21860683291536
39.74773098950116,113.99819571645314,-7.443230927894964,0.6711574733796887,2443.160337806284,forest,80.21991994217886,81.00021971750968
39.85597267865126,114.05536355093763,2.880361016686093,0.6204737850519706,841.0042576542374,forest,149.4336739566958,186.30888142130405
40.25784611046437,114.21920177827226,-7.023764982611416,0.7422531871990872,396.53897326161524,forest,71.18003439336611,17.801946979201766
39.51439348862976,113.7284547413313,20.189772647469386,0.1698810060507353,1319.5669191415047,urban,122.40851356714853,102.30512816189861
39.616072640506914,114.49633391605674,24.329495674630337,0.19497519990028922,1931.8697383428405,urban,64.81009275999266,183.70430608862424
39.546002642021755,114.47479316214678,-4.275618096704744,0.8904095172193285,1142.855535070425,forest,119.45860839295634,180.82273209590102
39.540728802318974,114.15032568634693,9.191944152248976,0.7499777984520708,163.69622484809688,forest,89.31222024301626,31.305842683148242
40.355460584011006,113.69954245092914,12.8118254477771,0.9082284887003229,1798.3834189761499,forest,132.98931622535974,73.32754001929129
40.20365785938002,114.1802282424313,8.45265108804583,0.7587153211639207,2707.2098283320242,forest,61.641382852516486,123.82428000933925
39.97417382908733,113.57219840897918,-3.9487499757403475,0.5971553059903019,1149.6460978417551,urban,90.64566297322183,31.878976954280436
39.597834160651004,113.53065250220581,10.947389509373771,0.6541327370278737,648.9983328924811,forest,94.50280209282411,193.60443440914773
39.991615875116835,113.75768288851121,27.558902390420904,0.88912792394001,1327.732037798446,forest,62.60744127007099,182.94986574553207
39.97347177078056,113.96262295673931,-6.449616773337227,0.5788067545119405,145.0881331463426,urban,21.64680655312223,33.390035806893835
39.67320186991002,114.36827250540838,-5.990999295904827,0.6323913243283874,2461.4627534408246,forest,14.033911036850332,24.231092252197083
39.93385164923797,114.2271690697663,7.738564591799211,0.15647671600360058,2479.02243285056,urban,2.500732589944965,17.08169656165306
39.89850473439737,114.24270652119998,37.08628558094625,0.4739212201161027,1764.0013902888852,urban,131.0301396367822,181.88873280732622
40.11585009805221,113.92549333444808,23.428632336145704,0.716397111958099,1059.3086668151684,forest,35.471236835804184,38.724761959092156
40.135093650867645,113.84593499254696,23.933497833628238,0.2709426983163654,2399.3500933373502,urban,31.726012392265208,83.25698570887094
39.545304009772046,113.8710387629846,8.09599954189325,0.20225418052453492,1664.0610743651016,urban,110.40531006390982,89.7702731304006
39.87461261462647,114.48764956373606,19.68303956042692,0.31382680822441555,2477.7969256500487,urban,48.002416963108764,119.80220884271351
40.12585991571424,113.54010919141248,-9.49344079861283,0.24150062799283345,1894.376377749062,urban,75.90670386177548,14.347068749484993
40.003136258580085,114.36703149612245,21.80480232047711,0.21491263703639585,2353.216419638392,urban,24.376659794618444,45.35172348010319
40.35648984118832,114.0786754085724,35.66434737881184,0.42485084286808694,1795.6889796532798,urban,143.96185821929538,186.2980773837852
40.158693631618945,113.93861541918959,20.62867341724096,0.9078385138835341,1242.4232046469986,forest,127.7372100025856,181.6820214537139
39.66293442708143,114.22525766041514,33.68492967331725,0.5070596467387183,2873.837579778413,urban,129.5684434447505,156.25812948113844
39.57056874740043,113.9866689414247,26.198652773304687,0.18792038081532303,1623.3414746365343,urban,61.01606228580078,3.880249123643087
40.14241927820632,114.37342323808166,-3.9720791798154877,0.07697166938087407,1815.2685556216152,urban,114.35418205607591,65.40135369922042
39.52651131054162,114.40070186401125,35.12266536429209,0.6961561451379252,661.4629182442477,forest,21.581423308467024,125.59174706858155
40.08577558127347,113.92172092687346,-6.677807782211255,0.38279876443638783,1876.9523682818294,urban,1.2928503887670417,55.038042354695136
40.440230241424956,113.77682779723506,16.69837362738819,0.8218309465853593,1714.8229484488315,forest,2.9959398867042184,181.91733901075546
40.075474177875876,114.09235032859337,-2.8931438103271168,0.6595107686407702,554.5151938410748,forest,87.99026061068406,126.77789236648837
39.88816992620652,114.4123633456167,-9.414669463454796,0.7962414505413685,178.76129205943116,forest,68.30923578719111,14.38134346328912
40.14328821844235,113.71066218900566,11.10171300638195,0.27194603941844875,1813.0779591443134,urban,77.70230233627797,181.8011177671406
39.958252890491515,114.12296658356348,4.7520353827078115,0.6923589224610581,2291.0768080509615,forest,1.1194710625829107,191.55333163524452
40.045616789315936,114.13156022009252,14.30002468988015,0.2640619846937188,1570.2041127660248,urban,63.40299294861386,15.542483678345098
40.44146480877652,114.23311302241528,18.85999433672754,0.9390684794502916,680.3178759589371,forest,107.71022418012912,106.47204697226297
39.886102637800775,113.63156768512727,-7.813046384552632,0.6363742815333744,1999.5659300791049,forest,66.40405529511538,60.67285644283409
40.46119056382391,114.21582496468208,-3.849835243812718,0.3245118001753421,240.31717982880673,urban,109.83288094683334,78.56781529628047
40.40535064195606,114.40903252066565,17.93211982252127,0.26951186229227264,1325.5011144058637,urban,34.95284465952522,35.930243591068376
39.695791134789296,113.67968310887024,7.158367658632912,0.1909265850716435,490.10027519526056,urban,121.97130067225882,115.61442040248251
39.569361300875165,113.73754332492388,26.4586743774724,0.6946409588937278,553.3771531796501,forest,88.26468606801784,191.59587064977813
39.60077800137743,114.47139509404164,22.614582429596986,0.2187156129979273,606.8818474746109,urban,31.614464914485936,100.61452005432182
39.51822182565155,113.68097695270949,32.28021814949534,0.5953032659274891,1160.1211711319338,urban,35.50807137807494,16.58291627889623
39.59444296075593,114.35438509336957,24.624641333461263,0.26463502692535734,153.45061686119288,urban,94.20456968543056,124.00026669548167
40.18300677341636,113.99227785644804,11.496553869507405,0.6619689447938686,1193.3803227872945,forest,124.4909389818665,68.04459889025141
39.57118864846023,113.74723107440317,23.648331119721618,0.8149397285405392,1535.1223413441026,forest,62.34416730437328,171.18503791825955
39.818975630293764,114.37074990127252,3.769058712770926,0.7780252431446532,1449.8828548989757,forest,38.74506436913883,86.93562966329405
40.34487531096946,113.94530525500267,5.315674938910634,0.7608513309307817,1148.3523012091216,forest,130.05174103659007,38.56792178844912
39.52327193573583,114.01481735392969,29.449257996039663,0.18772240569225207,2517.4398242122575,urban,100.39024376262523,38.22112453822899
40.314468482588936,113.85923336939976,12.32097582007911,0.08838494698451871,435.98007726151235,urban,67.21282309246148,153.75283614423208
39.7818547747734,114.09295085143492,29.919017025917626,0.6989488284873856,1517.090231344122,forest,73.18502929189528,53.11751966147198
39.618164827621655,113.66352387258502,31.12111868341392,0.3683472137943513,186.1242508696629,urban,30.63847019045946,153.4466788318446
40.19673716536415,113.89108153665175,32.87811688306419,0.4323462264033473,213.46703663372924,urban,94.02039450972659,41.17746215331988
40.128942846779886,114.46941232233529,35.83176179206036,0.031149092793391064,1721.597549031289,urban,53.811376581433294,64.33727374026188
40.377472013527054,113.75813343270113,11.549261025664812,0.2595764492750492,1698.0552746634628,urban,149.3467765011524,93.09739448793988
40.235071043803885,114.1567366645413,5.9433409160569415,0.03367640387446402,2634.100538533371,urban,72.02752728928317,188.63916993869015
40.30348093038485,113.8251900642247,19.109937329705694,0.8791857726012476,1673.6210269802195,forest,72.88284092844198,186.34628495076493
39.782034572571305,114.2734731256866,8.558621171881377,0.24339668321853047,2879.3730612145505,urban,84.87776811160079,41.37437508445756
39.67743954377972,113.63087366071835,20.05370834001165,0.557337169573008,146.08454519978932,urban,137.513400467812,71.64380824861456
40.25061475164086,114.46982104507855,25.279293132191228,0.03897932066113041,294.0230543422232,urban,120.12271497896253,29.879877690754462
40.306834739267266,113.95378954138364,24.42025092460684,0.6668473913056581,132.19758471114417,forest,67.66951046967621,101.99701586269943
40.49050514200067,113.73605046334646,8.727644351006067,0.32302734575409386,555.8305510006201,urban,107.8048898959194,92.11651013893332
39.912617676911424,113.57349674733001,-1.6569899150623595,0.8979191869576658,1623.8103328250343,forest,87.93532481711425,180.1520324901465
39.87201808579278,113.66975790508754,11.526466923110377,0.8881181889340358,1936.716544282284,forest,73.85505730518734,186.00107555821452
40.276412960742,114.01977394855602,-2.8702927959045628,0.3252906183617478,136.7554738460064,urban,28.847365917652578,76.71347820145841
39.84080354025302,113.83700317643128,34.504851759190416,0.9009608956904679,2837.9126695367977,forest,69.59043951823364,98.34758860379789
40.430757325603565,114.3288833658826,7.293873036892869,0.9961576734987788,2526.4961299511433,forest,36.872788053386195,179.24724982922663
40.35841275184301,113.93088752366181,-2.2770126388338108,0.8254156641239481,889.8374464712793,forest,137.2263224777482,161.34156154901228
39.92899402737502,113.74871427258763,-8.727612004712457,0.844871347755229,231.56259067940388,forest,50.31102202445204,0.7312622689298554
40.2508710677915,114.11714498660403,22.291119314324213,0.2490087361090899,509.66121965717184,urban,142.83960218000584,64.0119128367165
40.254542874084684,114.20677721688544,21.84511587273716,0.5767023988577563,380.833241264918,urban,79.95829351420667,84.35484838722518
39.60312386883593,113.66704190790095,7.030208329064582,0.06725591396736785,369.85133789684056,urban,94.73165680142405,45.94325673664634
40.40255290667957,113.66761921628832,-6.4144055576174495,0.09491793682166971,1555.6850659972017,urban,81.44106667339916,39.91432317918775
40.005252372447856,113.53667142693354,10.4814447447616,0.9988926120332906,737.5423274802009,forest,19.407092545005135,7.5569013191359335
40.32645746610774,114.23640201506564,5.56087475316968,0.32663924942591094,1074.4191495874334,urban,56.373182851191146,128.6739450139521
39.82004960103061,114.1638045276218,23.856031986750466,0.7481839120488464,2968.5160001529675,forest,14.87191684164359,52.50205809663313
40.3955232284962,113.97463087574981,20.288962472634516,0.8066650530268165,2052.9427467760343,forest,93.44310662750726,10.469435686262617
39.88920167873416,114.3441704489692,8.229686409877,0.8580232710072292,2846.942001141004,forest,67.03112928006584,46.195862105612726
39.5108376514803,114.30567015295006,0.8946277127495055,0.9976282974021565,427.6696650993468,forest,116.69774573564052,160.3827905672253
40.405381976419264,114.08535436439675,39.40179830777959,0.24149648525686784,1146.4184244977077,urban,33.07057214990547,170.29783632930932
39.59128667678613,114.36827128051326,12.700081059805743,0.04035082685969971,1664.1954098470628,urban,24.684908764400237,96.61324903866053
39.81931363759041,113.70584121003677,24.413711789011856,0.411191517994586,230.27418566621404,urban,60.94983464456517,83.21413408173723
40.45006196705081,113.61191961939772,-2.9723516210819607,0.13008066982894695,12.562330883873596,urban,138.98780748275718,195.57073870035634
40.45060714693756,113.76974961151699,14.27948498296989,0.022425889162055124,2011.3030013907526,urban,106.56327225186176,40.11293191761398
40.07343788812329,113.55708685608931,-8.623164006526725,0.3604268271414861,1925.458550404306,urban,62.8385437189378,43.071856570921696
40.1318372121698,114.03116952800103,15.272755895522497,0.7837382510752364,1232.3664299988352,forest,77.59082546314659,58.37343540727995
39.94844552197832,114.43660569229496,38.200870355885115,0.5661806912250709,1468.932228096098,urban,12.631951676564752,34.551463656217464
39.793210771698064,113.53934354066851,9.210335649290013,0.31277798921035405,1246.3290017762688,urban,147.68638445641696,75.87311964083732
39.82866454536992,113.62210991401003,-8.05019937125442,0.6543420054927197,72.01513453466657,forest,99.96109570423783,182.16684539795077
40.172518456077036,113.95219902828343,-8.452210454032823,0.23201818030881072,1006.1148186523873,urban,42.81061026951337,123.06956812571485
40.25237452943768,114.43387501752791,9.399337997343473,0.014381446072085025,531.2467661918695,urban,87.87125913228665,82.38930972245274
40.29157904372585,113.81615610497676,-1.9987531768402977,0.7643533864364274,295.27256730410625,forest,16.422354910349096,186.88215891424295
40.28961814279455,114.0072348086884,-8.832395183590705,0.6237430848640091,2870.1613016680494,forest,144.87550032113754,9.692846495164464
39.59120610304869,113.54157285905039,27.810680697508843,0.76230262450096,1798.079175126497,forest,26.21774818250489,42.055235580372276
39.99442030470258,113.64834320096209,12.926150444094535,0.03893801668766561,2185.968852709808,urban,97.20454770828212,113.1777210203518
39.55755876001665,114.48663012295884,4.462238598632727,0.8371196278306522,946.0912297983525,forest,36.818169380839564,123.11052463863584
40.049528882323735,114.46511869643605,35.00415915082404,0.6195262000363033,1179.4413884820456,forest,107.63420739728036,7.911501312522629
39.94153050137338,113.50493998093441,-4.1930519899737195,0.5633953507126401,710.7719816901704,urban,116.52320508604215,80.60775158142644
40.3877041827583,114.45181178542325,37.79594144776596,0.6246140481145316,290.89701289627425,forest,101.0129593367149,129.83079296617456
39.85091501255208,114.1391199378155,5.698335868867641,0.8644332468683641,537.0949123247514,forest,92.17491903827889,139.6141092806803
39.617067016427605,114.36791829452002,34.42018361543406,0.5869365065589071,2392.5421358894573,urban,133.87036409280176,127.62798050325385
39.64299168205284,113.95473985563386,20.147143823973078,0.5809503798881793,2032.6374155513274,urban,11.794006648463707,64.11264487218492
40.26151063171747,114.01559602857925,31.33536798707437,0.9906791570657658,1640.7866279564307,forest,49.63721486702928,18.704024719581902
40.11821806331626,113.98884658025692,39.20065816052321,0.756730167068568,1425.2696186003043,forest,37.24312194462689,85.42248928386682
39.60112267612279,114.16686425754611,4.420271890937286,0.4422938054511353,2767.302850968373,urban,148.20209430981325,25.750887473611094
39.584106806114995,113.63965125475632,38.05677427037965,0.7073970000329277,218.2048433360052,forest,58.40846695003103,189.52473170413342
40.20096913145912,113.52997358987268,9.474094745121018,0.3892304716917885,841.802439713748,urban,109.8919048860598,95.03417320452566
39.57276300636419,113.8079299415912,9.275595236846115,0.228875462483499,1049.8135607121421,urban,102.70877458215068,63.451834871373514
40.32186005929036,114.20468076273664,7.019355212725284,0.5968518768877594,2347.2774366383637,urban,31.81218562160666,153.26081422378002
40.206242227156494,113.70185345212295,17.07038036737926,0.9281820981139515,2977.543860485914,forest,35.849652031732695,99.58971851645278
39.5813487806419,114.17343243332492,-2.292747841075645,0.9291395200154627,722.0115442714592,forest,42.19268453295511,62.00680480249001
39.58483771408519,114.46991204610727,17.68557426790056,0.3419052781054903,2622.922002411242,urban,61.669091738906886,162.39354847816034
40.486639578501176,113.59390071578942,17.0852406205002,0.527677466221695,2491.868281295374,urban,35.14875984757902,173.4304302002244
39.87427079575612,114.17260211822513,28.095090630243497,0.2116358985698612,673.9721929252999,urban,2.9477224120271703,134.6016332577354
39.87064214706689,113.94375021930458,31.68249809687928,0.9956311094988834,1197.9977405976676,forest,131.9089585210793,9.392884481533459
40.3127995672575,114.3681422543775,12.022067515621202,0.9811179078679357,1229.0186078775573,forest,144.84147470713262,113.26457603330641
40.44724857738386,113.67714978944738,5.116662467574688,0.6495089297074473,2934.6620055796748,forest,51.23555805473519,152.65898239945633
40.48600106382287,114.19262595222617,2.9667448658547233,0.8044140596774734,542.675704136695,forest,50.77603191382093,27.300602416716437
40.25337818525894,114.33811528964812,-0.268808164756404,0.7151001612837,2397.473913314346,forest,1.063771916155648,45.73415027692067
39.87625958553092,114.44461421947402,-7.117620890048756,0.5931582190394682,1002.5781425193297,urban,102.03760324955611,176.4990210136273
39.583500716698666,114.18324802828964,7.122398941735668,0.053347996988897695,2192.611037328481,urban,123.81598436229432,4.024344370614807
40.27714691592744,113.99717476400842,3.512384606539163,0.45476434255266107,1260.0330128869884,urban,21.991245054000473,150.5454275651952
40.05840424973581,114.11784724020121,38.32086929332037,0.6747863021674105,1735.07928934962,forest,23.94995240507261,94.75465850288458
39.924222009246975,114.36890498447872,17.885441312502195,0.6775316138836847,2497.8353199783933,forest,118.51248749571566,89.35443176792137
40.40635438509474,114.07060974663882,7.363851951525376,0.3731226184223836,2412.4966949516524,urban,92.4436122531217,1.419306498977435
39.61119748230615,113.53038705969684,19.0233800496848,0.9416919866580306,2599.2695506191003,forest,6.7290836441575514,163.87964619329856
39.99262510429086,114.43094869550698,-3.040164932715225,0.167357032236781,178.85197603397705,urban,93.38204856934225,71.9649801273133
39.51135364476742,114.18952675103156,12.202187460110146,0.5003594462155606,2076.1516591192344,urban,46.33765842656491,108.15312626010858
39.96866064199413,114.17651338577724,21.31171607105319,0.6908839765508228,419.9621301652886,forest,55.30877332062689,135.4601372671319
39.556303275681834,113.71567515239772,14.444891589622568,0.6971358058918092,1247.455704055233,forest,115.45971274453203,140.52591528758316
39.61881791626807,114.15888547023266,10.088940032716213,0.6486389567688156,1645.7652451640654,forest,121.64027890089159,191.19601176521445
39.6175262467771,113.89386440565416,39.69241944498491,0.27528821345186016,1208.2184542404923,urban,60.053494025974594,106.26799064732182
40.14921030211606,114.15123297704149,34.01573810744635,0.15620656868662197,1558.8350274090224,urban,142.0729404009532,79.94391019488552
40.246044879265426,113.60659303030799,21.170297907972007,0.6359403268267109,2989.5789263958573,forest,60.96940769281083,190.74072529834157
40.08336876509716,114.15784530460303,18.46886805911414,0.5993021161394377,405.65194113856415,urban,115.77540528451648,128.42204700510422
40.46217254847454,114.49941372577067,21.033023991229204,0.17935601028924097,2026.3681360092767,urban,72.58158968463886,59.63007125531112
39.8748705795237,113.54821203886056,0.06560539112166275,0.7051391455705633,1188.0028991568456,forest,134.6298489783126,25.29284908071423
39.78571208628186,114.47717418422131,9.756887163215929,0.4551719917336564,399.02939672198636,urban,136.16418654752678,168.51090029303626
40.36859912818946,113.90690796072288,-8.027023355455034,0.6677605916031529,476.2102901229286,forest,13.11252118066258,72.43632055883032
39.72359583851945,114.37075345033726,13.777301874341333,0.8373670797701507,2847.8193187368506,forest,140.47399969653387,132.09394427288623
40.46322253944061,114.28238548405827,17.151229197883158,0.16972842857692316,2638.804490135286,urban,123.83022622806236,94.16328387317962
39.512154474689815,114.06701626098666,1.3874868051604796,0.01914486799683668,2721.1258812450656,urban,118.69660714690004,39.785955959007666
40.46987882670764,114.23844920925133,38.201442358275685,0.7791025863957868,2974.5983274821597,forest,30.136700952828367,120.33732172409302
39.543159911950575,114.37851556130134,35.4727305468621,0.6096974251526159,624.9461700255539,forest,120.76788131319974,12.136613790136463
40.39114311369807,113.90414032165103,26.107161772795294,0.6996395696221217,1066.3180120921852,forest,127.51991020275553,82.66849197423845
40.0277011090863,113.82703316156324,16.66933143826813,0.8381549749886426,2007.6570897746,forest,43.37255016812264,109.32298793273421
40.4929647961193,114.16759338556358,33.498457982384245,0.8028109348245005,1451.4076195819418,forest,142.83901175434855,87.20939482371581
39.573796564735396,114.30784594194125,-3.467382808826854,0.9609201469288247,1255.1686001350006,forest,7.479021959874638,149.73443505019816
40.05385428440132,114.26228513477662,29.52548971374425,0.5359350788521182,1073.433748006779,urban,22.486387987070948,165.5849909090625
40.4693025356191,114.29781364885864,-3.758959301657585,0.48849563265990537,1781.3418958303566,urban,80.63717070772715,154.2486148066356
40.02309784417015,113.93558331481293,29.71053312747027,0.4018871998907301,1726.7802859202461,urban,86.36887066834646,7.762589562360422
40.129398638135264,114.31783421617502,3.788378412567848,0.15369104284420454,484.37350219272025,urban,96.77251249513552,38.82575408919444
40.195748688984615,113.62020905537061,33.85452905090945,0.5726072328820224,1415.2195125553171,urban,2.545369397319969,107.32150185275486
39.954541064767774,114.04448909796085,37.202104691269895,0.2770125243259788,1660.4153286295495,urban,144.05501619331955,186.96440808876025
40.127558080084064,113.50575866049812,-2.5602015297442184,0.9213075122129755,1710.8608161941713,forest,6.688213910121599,166.99135501042338
40.0843143119231,113.82458582990027,13.133780253269677,0.5831908042770976,630.3215787370555,urban,21.459292908510356,168.50690167036032
40.40115801049099,113.86646153487139,39.049368908134255,0.5928401805081102,2226.8141767568604,urban,2.1021776289085468,60.64163875193498
39.54544638034146,113.89617269160925,14.170371798657332,0.35492466087701,75.59728446320891,urban,85.0287649941142,85.88957941574051
39.78096318959223,114.19546720668986,33.17737612572726,0.05198935197770749,1064.495566629488,urban,139.84003258814585,94.14118946318749
40.45041148407656,113.88855810127035,19.436576106565994,0.03174376537298862,2340.6379456069008,urban,99.89207491206963,31.474316669982084
40.390263783890916,113.94869362262253,8.766495395980094,0.4233351441531975,1691.678763166207,urban,123.3986202720641,6.213626048891263
39.955656752785714,113.73754413087433,4.28917777629351,0.08456537809723785,783.4872975325808,urban,1.9921805187870123,189.38057989210338
40.120132597801536,113.87325179162934,0.16115455430436398,0.6068469555401391,2084.859358029143,forest,81.30229477195891,48.14251713270134
39.77738118298113,113.72726962726315,28.089909568884863,0.8809730056396574,1702.1728324682201,forest,68.93444662582829,47.98978074472626
39.688121159723764,113.57319592376844,9.327025341151394,0.8829148165187222,2388.7308283691614,forest,74.84519163311896,16.675810753751907
39.96369840493998,114.10344859338137,15.563773110037559,0.6590454101322324,2205.07555856947,forest,10.831977800278192,185.70155038875572
39.853352228026054,114.16821279855502,14.616274000059096,0.211231831472931,1830.323766108704,urban,102.66530416039612,115.9474229879544
40.08365611185087,114.11949034600961,18.863951461656562,0.8629968313588721,1464.5330259324421,forest,75.48306222879516,133.40737142507078
39.57773463696498,113.96349404380057,33.27885728122761,0.8860934353132082,399.54637700257024,forest,114.7723274791896,182.3153774526105
40.474394807666165,113.87978578017923,39.03696717917147,0.1966535849529587,783.9990536561513,urban,72.7935951092573,69.1240337801579
40.4862107444796,114.36333364957183,10.379210428690847,0.7374260857706773,1257.298418751256,forest,22.40724543396481,124.30146222761682
40.19816171401975,114.01908178513622,31.37594610531515,0.28651954892712295,1797.8978610191662,urban,97.23854311167331,7.759890945777492
40.03609636634412,113.97918187762973,28.226389732735882,0.8026403123529297,1541.1235656459144,forest,25.857954315774933,37.35450564622587
39.809527616286324,113.52564206580644,18.676447572778663,0.9972378999036027,864.5535778785884,forest,130.85918450322222,166.2491610179885
40.31379501970695,113.84124782762616,37.80235718059666,0.030026005329392813,19.393073369131653,urban,91.96743586038623,153.35367126766715
40.18473117255388,113.88019561878586,0.02372577642013951,0.8973658657909319,1488.7176657024418,forest,23.580582533543136,70.12853829142938
39.66261693934489,113.89882278089691,-4.53678948451893,0.622630533598658,856.8779656867292,forest,144.35070862218103,75.36212555484249
40.41092718449384,114.08017236922733,32.69809834777111,0.9733826191648212,2203.824902131605,forest,77.7548195002981,106.7108867107159
40.32253724292317,114.03360254672688,11.957490831687416,0.4650095175264276,71.83879581145047,urban,10.93476778074825,0.04820093702690986
40.449799913291926,114.10790509279344,32.34844271035303,0.8473879305713737,1754.4834339173726,forest,94.02493566226008,48.24886720760557
40.22571950838836,114.26488326154212,34.654510259770746,0.06239406859827723,2824.422712518196,urban,37.97983605192153,41.64636172164289
40.11341519593579,114.3129857387161,-6.877120319046428,0.3352790500782957,523.2278013344985,urban,120.55401778159536,50.096589349952694
39.91824303629062,114.21812307622649,34.17323814930303,0.06701653775120997,1414.9484722517861,urban,122.67331103492859,161.18116850668827
40.43272848335401,114.45552369595494,12.415952768471108,0.9753431334790705,274.26597545141453,forest,146.84210337819928,55.934771309288635
40.36606388950041,113.51823258267636,15.521624450211611,0.8169739072718367,1877.045736784058,forest,75.28042965367555,38.30426441002963
39.54521867010619,113.69577798568355,21.329625554660513,0.8525474212459705,1651.5950417886768,forest,68.24353195916056,100.8526921586063
39.52636697449725,113.50756287497815,36.31913033650434,0.9379652314338942,1222.096572638497,forest,113.0213408169721,173.12900727454638
39.87646336687805,114.1474747141546,-9.044195278511799,0.08510348611978535,1564.1310644212235,urban,19.870598451288984,48.269940767499975
40.310553330781836,114.39803054894999,13.842173415890855,0.38559759251333336,2689.7239754070306,urban,82.03732706896864,15.707248558559739
40.48727612931494,113.7434822965763,24.386102121528033,0.07103488904400213,588.8829069332011,urban,81.93714001962763,71.28094716993294
39.650416891103525,114.4270345447963,26.135347884911425,0.21079310155002862,67.6935351160417,urban,13.420968421558083,149.53036491299557
40.09413071535214,113.56026739028957,24.6266215768554,0.22936577703767236,2584.994654097303,urban,62.69761282603704,110.13810893895892
39.88089085663102,114.43443602680551,-3.278243529593907,0.4691072110475787,1731.3512471637196,urban,127.9927197850803,163.35867391486948
40.469914397814605,113.85162268723964,4.969779418584061,0.2685621674536426,2671.975366385527,urban,128.42304329919904,191.9184295218468
40.34211892313571,113.60142082844922,7.935776270850674,0.10097810681776109,1790.8356702395176,urban,14.88564973795215,158.53249535032342
40.33832870471114,113.98587175918632,30.221860383975248,0.1674910890941077,2430.4832698791074,urban,13.608132412174628,120.76061576875068
39.968693159794974,113.75677656772051,3.937993620727651,0.14727556355209093,1289.0200900654438,urban,39.40432155029029,98.6683176104761
39.914819502337664,113.78487290196192,0.5352481933601574,0.9730767979122983,2249.579793864806,forest,131.214909383099,8.013817269653334
39.773407071930706,113.80728996492628,37.87240095190481,0.7592925069184736,2739.124400669568,forest,19.33538776102484,196.86439576280824
39.55637549665093,114.30302589783267,-9.556835744326555,0.967761465269562,1716.3688911666188,forest,107.99952039411694,76.69622451500851
40.36472237625505,114.03916127667526,39.89104278409891,0.43974048650790853,542.3554516871386,urban,15.174842941965483,30.445642783373362
40.31290100913008,113.811307699156,23.841064942869778,0.2783684816626566,806.3928450905945,urban,93.4706780621738,133.34177107929136
40.49971767328613,114.11033378331092,31.423464972455854,0.7982931972091867,595.9337306922173,forest,53.41009486787172,56.85765781909187
40.49663683707391,114.2161506742232,4.730969817309658,0.3262539180411468,740.5710827871987,urban,118.33709444488005,117.15565418620952
40.05543170560263,113.77262400073353,-9.284236116647001,0.2993833737053483,919.2463480531092,urban,35.05356732380454,117.35358156891824
40.26898741518051,113.91354910152535,26.893475928076505,0.2325059922078312,1665.4013602595655,urban,95.88027440849397,89.14596418057383
40.44476572988243,113.62188609333695,31.70722985003379,0.12967897822423535,1763.9748883914983,urban,35.352380186382746,167.22372310900852
40.34964739067741,113.68114934953468,27.023806597675957,0.25646306101676597,1279.4992417255835,urban,107.04904246682307,52.993412311088605
39.7473481017432,114.18111785396498,-2.8574856349580706,0.3553197484738877,1846.2623394625064,urban,131.0517051841123,89.72651832354683
39.950544135310096,113.68143834769563,27.671396112848456,0.6739942081457304,244.72477683409778,forest,19.020269869014005,107.5384257181943
39.62915941515149,114.02516338366706,28.446139105382052,0.06256484221945158,263.3647111744799,urban,129.98935328932552,132.72494415345992
40.45405102725872,114.20904626172243,22.927025783502742,0.21050693966534295,515.4883810729754,urban,89.03628816214469,156.7943701011179
40.10617463445088,113.60687692309475,28.30579663977931,0.8090236402916764,1554.2324941210343,forest,19.066573630053597,78.96145657565121
39.72864280550346,114.0673122196289,32.296071983886605,0.14692192358377076,641.9840360949407,urban,64.1312783039568,129.2093888193192
40.171700684405856,113.75656278370137,20.680205711872922,0.34264514652252154,849.853210477732,urban,24.129044022764685,30.122190613703825
40.11812824045789,114.46292687523759,-5.569764301516047,0.8646589218581401,1200.9385085189822,forest,105.05218332998543,186.52962010849572
39.858162718032844,113.98354564671992,14.381390483360544,0.15492531114344266,2435.5983720311397,urban,113.83022016269244,76.61176128420071
39.613557592199626,114.30599254977515,-6.117533266419747,0.0827368356181899,41.586407738580355,urban,15.869478040919843,145.90428439528768
40.1715731955928,114.05022654215627,10.377151551621541,0.48453799508001083,1948.1364607098672,urban,75.92097790419665,4.0682163764355295
40.02030770090379,113.54341253285482,10.35532445628138,0.3024195112785364,2006.6295931220561,urban,122.19375840388757,41.0374285809614
40.27231839173564,114.13315137559403,-6.699507792987921,0.5634083644838541,2395.9673410699097,urban,140.42445623264948,97.4165088647156
40.020163501111995,114.45140334220666,7.441026698473966,0.8038048904834751,2798.25881718094,forest,77.0276800112655,175.6504935464693
40.35218150031854,114.10161182014633,-4.450095060434258,0.13714848815274316,60.41354684786948,urban,142.54188354171106,105.45102999013542
40.051906838774485,114.31918885942679,30.411760500461106,0.580699084554285,461.35111653964856,urban,80.35334556840448,185.97409645877582
40.06093797153539,114.3842064633484,37.38440129822354,0.5055087603898639,2658.5138821679793,urban,59.128574189986196,96.75937931655926
40.376653602658344,113.72807977194893,-6.38417623710307,0.14407878601319957,1375.555686561046,urban,127.23046928293432,98.08981934718999
39.9034828662124,113.71204483990823,37.75576036458507,0.6239984855289824,1693.7719168003905,forest,73.94740656871336,23.949357700106376
39.63401522845064,114.110980988851,16.12882996683726,0.27364041786077165,1989.081611169442,urban,70.78537658467846,160.53124883044396
39.52878267631334,113.91102846980671,4.978283897693695,0.4878343185440125,2037.199813486912,urban,73.54687341147425,49.3930824934125
40.25513725567362,114.33986130286672,-6.156896236191825,0.08227232427706188,2795.2212099495246,urban,127.01775028046181,179.922497874463
40.120309551353465,114.40002312339801,15.03121340352089,0.45958405721362305,2990.848252235009,urban,124.79123125320781,182.1648440660792
40.20407976809923,113.85342137930272,29.72577722453743,0.3064634680428203,2160.4723827928206,urban,60.52799886603168,188.66202237482995
39.712964161508914,113.73687055897449,25.354323863334905,0.8223812111853543,861.6636276154525,forest,49.99497898057875,104.046097820618
39.63637147558677,114.28052551524387,-7.488699426801312,0.05697872699736828,2639.257206883031,urban,73.78920360586939,135.41875695672886
39.514544665667884,113.77480603554814,-6.354908231604824,0.41860727491832994,147.6627436222848,urban,85.91587646056635,155.7031760123327
39.850587558806595,114.32261431851367,10.143664131631855,0.458431424131438,693.2425586234885,urban,35.750581594199545,26.20292373009312
40.08991768685463,113.92373825364876,4.764524702397164,0.7250060762991187,2692.157152391145,forest,119.0932627073386,120.19143899949944
39.89224404509973,114.16754989929147,1.619216152802391,0.574287575090211,768.5745433180648,urban,72.97241485986343,6.859580260662335
39.93747492202373,113.59553531383467,4.05022494543568,0.667212337194181,661.9531788652454,forest,50.10683226299394,99.51321667774518
40.404158694493745,114.12385932467657,30.174137164844232,0.7770492856517561,414.37587942074174,forest,16.023148944598592,30.96853632404548
39.8482554670233,113.95176767873723,36.461402681592695,0.8622029736581888,2577.3352729407493,forest,35.82677406054104,36.58458519241694
40.01398948915981,114.08660846317548,10.255134726378323,0.3138754967224705,1500.1747775732601,urban,142.39217576339755,73.0095133385203
40.28365301274114,113.66801420774486,35.30555010662486,0.538022705363903,2024.6796091624644,urban,45.76495302292899,86.48743334330061
39.89654278232127,114.23687374494418,6.074785062394099,0.8401080784391999,717.199152225089,forest,25.328893405055297,124.63448490643745
40.122086700227875,114.36279707754323,13.821849317189582,0.9894511309650564,2274.1212630336495,forest,69.10091874824899,14.885683687703132
40.36236370874675,113.71673980009078,1.3014498907999865,0.8895193110437631,2280.0166348862954,forest,46.0631615040373,100.73835224748893
40.44952062365764,113.59571455552016,22.023802108792196,0.3714672626243768,937.7940747249004,urban,5.273887540679123,36.52502605062023
39.64707348092904,113.52363858604633,38.94905575874044,0.19516651721865041,1232.0478990308486,urban,48.471782591912586,114.79503500634837
40.426587625161496,114.14197150044326,20.17465480216893,0.4893925374065887,629.0708322906025,urban,81.6162935909203,127.4809224522367
39.99211629307954,114.10709403608878,7.890704205677444,0.7416414518360422,2929.683069968713,forest,82.75685580299503,111.34185131057077
39.758244388298955,114.04669741271407,22.39087229952642,0.4925690707532976,1936.807731175235,urban,53.483838176533304,147.65910209566152
39.95913575623826,113.73194709611597,-3.8539660767306216,0.4831808633136685,2803.6316421465467,urban,67.0954134378901,67.12184884818026
40.48003257528548,113.89090599590551,34.432954013269935,0.8382304210818006,910.1566308873995,forest,144.82768773521497,153.0213183266262
39.99261809399287,114.09447633518617,15.154197538991816,0.36140377906718635,2345.672738990669,urban,56.60227158454674,86.55341634163874
39.82875161028751,113.99676685885917,12.467487101982105,0.8597946748116456,2297.575931654226,forest,38.73402198899745,96.83689966451936
40.133400854316726,114.48778552021489,19.29323942267596,0.40680480095172356,2074.9669555996247,urban,36.52005661001402,129.62042545221428
39.74014561877819,113.63643975255674,21.239193139470125,0.3282331056783394,2896.9169258004013,urban,68.66469190562012,3.671676799844792
39.57586332810867,114.19514455404759,-6.411209688674349,0.453989911199699,1180.6660083189465,urban,113.92802230754161,130.79884428404966
39.62887972191065,113.90431876810429,24.130861061170123,0.7624469586748684,392.1519707692719,forest,30.89822762827098,123.71702981442307
39.628045838957775,113.92819961492562,2.096584015776479,0.12600202786399428,2015.1265777321823,urban,106.39441907111521,61.96942335065599
39.65190269351229,114.21759776565817,25.697631625329493,0.19641921587201738,2187.9294014316183,urban,3.172473502412443,17.158856979897898
39.63882717264941,114.19243615132437,31.126739719209837,0.951444825663092,1725.181720376444,forest,62.839946697591905,18.187089982608228
40.14087474480321,114.49125599370218,30.197925377626014,0.17549162738135737,620.4536794001888,urban,116.37975978041803,184.64474939704573
39.68188008439915,113.62839428945412,17.625048370394456,0.5677273179310546,1513.3678250080661,urban,50.80994336616471,137.85586424516742
39.84566728332386,113.60410964938417,16.008494615537558,0.5793144666619379,936.5692097073883,urban,84.56056521680992,25.420522754148077
40.39678840990601,114.22433881712874,-2.856201933029414,0.4896244620502448,1282.3995845000672,urban,30.74688492388662,71.34463386178128
39.97396164026287,114.07838691700641,28.767307520156777,0.6447452485768186,1935.6557275339917,forest,111.29930866892585,118.49659878031929
40.167557738521026,113.77416066655981,3.5704690223357183,0.22982672579761843,2235.6442280725037,urban,7.841865490313943,167.11434101812975
39.67231987120163,113.579419368989,14.834771140897328,0.5526622677767482,696.6740727040294,urban,127.88139673132505,8.732185742601706
39.69228901880867,113.58565824959643,4.2137046463758345,0.37217325524689715,1215.97608194086,urban,29.729457963250223,47.32662629400177
39.54086861626648,114.39419087466412,-3.3085818500153428,0.661667259629189,807.4847129748875,forest,131.15970475624962,177.94979805907602
39.66893506307216,113.69186732471874,21.47788484458683,0.14122354337314946,595.8948415856073,urban,52.8793861950776,1.8331100367632969
39.77859033903196,113.82337156211553,-7.283398258854809,0.5708774168394762,2350.161659987515,urban,108.402536171173,40.27982055877748
39.67701048427675,113.726656402227,27.43226170631,0.1852703553833237,2727.7580833109773,urban,47.88379466792827,191.80483519459318
39.58870253375706,113.85499630583193,5.8793397630558335,0.2786430631150364,1110.6965570537302,urban,135.88675068519714,122.68036930443422
39.6206358711006,113.56942384274609,-9.993265349775735,0.21870980032358323,2253.8367731213007,urban,18.995568827756156,52.33427332750129
39.960778768032725,114.01905979090827,15.556456961861489,0.1828377798688171,2690.9858680932334,urban,26.777968390889807,13.398218879169521
39.706333718405794,113.56761256359222,-7.657404573619844,0.825710951560667,2538.3726315906947,forest,73.95451877382034,5.6382680894444315
39.86426986104807,114.30035650782236,3.808477891044973,0.28570756766089034,548.4401656176777,urban,12.290765855721919,48.94901592738545
40.003417270854854,113.73371208191044,25.348824372785806,0.9271237818644493,2868.875644540084,forest,29.39702770526429,176.2971639177821
40.190394828629366,114.0400119146045,-6.865518918906707,0.9699265253451909,1130.0293212883873,forest,141.56495733180216,83.1827308595019
39.5393121398411,114.38007908756146,31.966924617800117,0.5712604699370973,1017.721983521509,urban,146.47344917218308,144.0666738331986
40.299410398909046,114.1508773690472,-9.809003867070844,0.1430011226657264,187.293981833341,urban,56.43889939956329,183.65700707599154
40.12790038949091,114.03295778655134,2.3411934600951128,0.37454824337958126,1458.520962314649,urban,138.49290315209035,81.60809232056332
39.58175903194887,113.82433375311538,27.045202807603573,0.797732263348214,327.0408469227861,forest,81.72370135101475,38.25547420747941
40.37357862410678,113.8330019130582,5.813507486465339,0.36739072869707046,745.619462782278,urban,40.46136988106505,103.4235861713839
40.42087240053181,114.1694869551982,-4.905380596699324,0.08701721830278875,950.8278653018441,urban,105.35980816208979,181.6167374119709
39.56107795985486,114.49413936122117,8.011695940021394,0.5567849109281879,2426.478970475052,urban,98.83527098622858,160.87488282754012
39.776877648147206,114.16183918984937,3.519664319226276,0.8451208514960348,2626.4659511876894,forest,148.36879786631,13.165968672630758
40.30620127979306,114.05778341737002,32.13559510802774,0.7959263871435024,907.3989523844091,forest,39.75709311139249,138.51456001551637
40.248259690383655,114.23065051023924,5.667395879257157,0.17512314013035324,2576.094363733722,urban,100.80892539926032,114.37950449179075
39.684521019356374,113.96520561228373,29.446623588800364,0.6727646144124667,2571.6928121093733,forest,7.803563254417034,181.4926352692851
39.70934932333671,113.56014234260078,34.593607240536734,0.2205042634356471,2293.9528511546205,urban,17.04690580450791,24.496283370059444
39.87047210279138,114.06229681587791,11.690870978826478,0.21820753455217223,440.0853420455446,urban,0.5877562426639893,106.80722264093131
39.98452298519102,114.45762528450538,35.4971571927196,0.8740717733051852,2070.968540702187,forest,149.91910215895098,175.89253870237846
40.118254771530296,113.67530294235766,8.865902698159644,0.24966895274023015,2835.072193741706,urban,120.34105457212166,82.0047573483486
39.868913639569776,114.19000489082066,38.20392082450541,0.2632473465180112,2047.6214363014712,urban,118.00845221003112,96.39898354657342
39.96253471613315,113.70093368865906,-5.535523773721353,0.0006533907612995549,994.8505473235018,urban,76.45891129322696,14.092135533391659
40.24747093813376,114.03582768447308,24.350963325162134,0.8706690341255177,1501.737952292494,forest,45.01006243581599,55.628728089782165
39.5366832028906,113.59667644964672,14.690702022846434,0.7925948132091347,1937.175130053161,forest,22.689642669401387,64.90132983378946
39.75243694434402,113.95037093625818,9.382440272782354,0.627328935090678,1531.7112261855107,forest,42.70121082696955,189.02448974897737
40.21334958588455,114.25616332889524,21.635593937430045,0.7502657639388423,359.8588251929095,forest,56.395683289370865,56.533472108231805
40.3952068376872,113.84757152423899,25.19285458171656,0.1520485674244918,936.192133956062,urban,113.4465145470441,92.1737470539304
40.01167744211567,114.16491172448721,-9.781836517484546,0.45832359458757543,2407.1880916608975,urban,80.94926833547287,134.26088471285595
40.03211348526531,114.29544996078972,-1.6523455626400647,0.3512193873487809,2584.2541382865525,urban,11.622543983322403,32.43667448157548
39.60717201133978,114.42717781947945,25.652302531715932,0.09377652625701649,411.9000981467107,urban,2.7043513438368363,97.2884774283749
39.94741236682346,113.73464208185545,23.31927067891032,0.4861304852149241,2857.160257196174,urban,15.349826930109472,147.70780789518153
40.03261726645502,113.89931591580931,38.30237525643386,0.9207396503426354,986.467853545828,forest,61.5748070546069,173.3710426054132
39.74247050363473,113.65241601333042,28.051889512539148,0.04005911905069448,1986.9412161921598,urban,139.97893755735274,125.25185493248534
39.76924323094938,114.49248350215838,37.5386353865669,0.2914609134937939,2255.4754378700436,urban,95.61037218138324,133.81070306338958
39.87728416310462,114.4270009679243,25.127025076740345,0.20754093620570346,2435.83870391365,urban,120.27388498132727,25.25669451691379
39.520071197777725,114.03995713028056,4.902610431972157,0.23814665366569632,2837.24910667779,urban,69.95618917568228,189.15529944926942
39.822079165583176,114.34203329437642,-4.7317538874571765,0.9084345518793753,938.7586440864678,forest,54.249912479256416,26.51481549689647
39.71144800699655,114.02095797727205,29.09119316724678,0.4680690542342901,2575.5193636546637,urban,16.26005590749341,154.93458743635966
39.827497352177915,114.12358568800276,22.2074610737958,0.4662994129398188,395.0607103086211,urban,131.38995332793075,52.96326435566377
39.61976213181925,113.58912443211602,-7.590699380335188,0.7605756424552823,2115.1227190607783,forest,117.47400435418542,186.71862874025032
40.390527280739896,114.25527042049681,8.002523295048917,0.1544922040049258,2225.933188541958,urban,25.217714639658766,143.9919078738959
40.09359245355405,113.62771348363523,37.83999077421431,0.4872653541000508,2033.1697236039613,urban,76.83908458143908,150.76274259567379
40.17910231914449,114.32606763025252,15.02005728551006,0.4299852141210597,756.944208405459,urban,73.10622118818674,43.811834611976664
40.28917123860734,114.28202808767038,11.636456800985233,0.5969106905466561,2619.1294410456103,urban,93.76373290297929,88.60799532703216
39.998442198929055,114.20874469774297,12.884980257964699,0.9995577032504386,506.575390111185,forest,141.92803409868918,123.56263891785729
39.58692028808743,113.53616038052476,0.44413620025818545,0.7694488940820471,160.9043745624925,forest,86.96571626437195,153.99472364132018
40.037106541818545,113.80312835594533,8.435358543239762,0.3978657030174272,2152.3949718357367,urban,81.03259001679278,20.791875182477916
40.08684111802088,113.76311256991085,8.49066279935883,0.827553052274047,1426.427145698201,forest,7.548439940199591,192.47306329090569
40.24543947418433,113.86013640747151,-7.38224899062638,0.17070836331248018,2547.2940598760283,urban,9.43612140270359,178.0441341109112
39.93165954622968,113.58764274676383,28.37838142589591,0.030463686308960125,1150.191423174777,urban,28.102018699018334,54.06971809911687
39.627580302795565,114.43695782303107,10.825221595193948,0.20444837246427305,504.8357655231385,urban,4.870615753762242,164.5520486064664
39.78377590579873,114.05380224071237,31.108994340821162,0.34041155611425966,2509.3265774096094,urban,111.50293433550186,103.66478460796469
39.86308229639864,113.80552431065803,32.51740005599477,0.5105807574595599,1646.728894920215,urban,108.49954559909447,92.36129631240372
40.1459172413316,113.89698151707428,0.5997027349329027,0.6151291405411998,567.5873771710646,forest,20.408435164746443,62.88682116228108
40.07077830466891,113.94720254050483,22.867674108506428,0.9106057172144217,2161.1519957593373,forest,125.41183511929214,116.19371732631849
39.85609672589785,114.10059433336062,13.614090208149086,0.5098540095504577,1533.3409154685016,urban,23.217905226916795,145.97782354071956
40.486515248792976,114.0156794276965,34.00783689607425,0.5012756446257294,1812.9389467209594,urban,45.17633804960382,82.18658099255165
40.10577481935689,114.41939197321442,0.7870339588227058,0.05024300982298213,1382.6950146197457,urban,37.34653487420475,125.84383860165842
39.73722679173599,113.99696348290583,23.890660015502213,0.03491155265622381,2486.126951454019,urban,55.84606478595717,139.86258423106074
39.60178247262041,114.49215801482332,20.387606112636128,0.5511599619163721,2488.6881470491494,urban,38.19956488349428,142.22436340305717
39.65285913918433,114.3514249577451,4.7650738785916396,0.4381786132483445,2128.1664654731585,urban,73.3426389657678,10.39321962623605
39.74595772838451,113.70851051435733,-3.1699548174413694,0.8391803949802986,316.2041321893868,forest,61.111182203202816,171.94956113701338
39.66068137325956,114.43059521464392,22.58198802386383,0.16067958471184518,2516.5615857122066,urban,147.98542361689897,91.65066295300959
39.68656702405131,113.61636639788547,26.929872906616538,0.024971662117049598,2013.0389415987295,urban,8.38895251923385,52.48321633924289
39.78509516869385,114.3174497084912,5.781367188167501,0.44903876793012587,2091.0724980128984,urban,21.327206458102744,48.352901495936315
39.673373595294755,113.88062329347657,22.24163020111569,0.23747855675225749,1088.948521211615,urban,7.923884086290372,96.60282256879009
40.39676542462642,114.37797432044506,9.756545380575162,0.04961437333883745,2637.83866847102,urban,93.87617924735636,177.36630789379183
39.580233745661644,114.36805669010745,25.660344164130883,0.724598286847629,2176.114800704572,forest,8.176391612057937,75.66951633652938
40.02451138957026,114.30592540011762,-0.03923625529734487,0.11159299995724747,337.7713995875834,urban,125.46596060641849,149.94514935670867
39.91039682698966,114.29003043630706,34.51075013180872,0.6083195000077717,1223.334103218488,forest,76.79079460228917,19.36374619744372
40.482378616908605,113.80467913909804,4.370479823278986,0.28104975016688916,2659.141085880425,urban,79.05114368723005,95.21134043021236
39.61203890216805,113.58091928305126,8.389299387807647,0.17349605035502202,141.59010509213698,urban,84.23917615682913,198.33722807854713
39.89785559904574,113.90298017876516,-7.095402395982511,0.37975152291931746,2884.2498589261486,urban,25.62205594593161,154.0875605584674
40.46947043327537,113.67352451498651,-4.42438938393618,0.8014457762229537,2037.4877049586883,forest,29.65354546717313,42.1056976881226
40.36550712589398,114.19495108890246,15.793095135616404,0.3920935769045727,1894.1279329301299,urban,47.822598430950706,100.28829473958214
40.31707207094928,113.84609972653779,3.3796338363985754,0.7507696492110557,811.6777694639742,forest,89.02446237327771,46.72495272971331
39.75790282704494,114.47561020085992,31.774011287109722,0.1254862967991507,746.3753662175312,urban,31.51766639103218,81.91218545250184
39.67088758739006,114.14097207734534,-9.265330567252308,0.7727714196650791,2826.1746584657863,forest,17.449759069989184,156.01680474699296
40.168643219924434,114.32248056363436,8.954702433596811,0.23693332490664865,894.8173627023682,urban,145.51753296276482,154.24496305808074
40.429375989127585,113.63252467274185,6.867277338454635,0.6773931298888728,2326.515890156998,forest,3.297272221443437,45.62007558047703
40.05676289301393,114.36201448227263,-9.033618454119948,0.5657815548409963,1179.3653946212376,urban,120.40461080040325,184.44466363097203
40.0716126894699,114.4227571905134,-3.7815800499744885,0.9291447172116873,417.7622123541119,forest,118.20527243625331,118.51363655296537
39.77997909366029,113.98706191881894,10.682133745931765,0.38732251797531403,32.145893086076846,urban,44.5821170767644,75.98485819240291
40.269492933191934,114.10625293775098,14.64322922237233,0.06616518883444045,1632.7720110457524,urban,20.34399240109701,100.38711615617213
39.68704374855752,114.264809800903,10.214487362743455,0.019155485551252904,2927.336455646798,urban,21.844297005813512,121.01425068754874
39.823679236404246,113.67483862726041,16.546883920604692,0.8268585609727531,1107.4085814276134,forest,104.61474258557887,111.97810636915708
39.925436438616416,114.00256607646344,19.756583745284075,0.5247356376614322,1071.5770019791346,urban,96.42098866292605,97.28100710723564
40.007610378684454,113.89866302777232,-9.503808943608218,0.7752440518349493,1032.2748535483263,forest,117.41185113770801,100.98656081788002
39.742409732415084,113.64637399216225,13.204757972675193,0.2344256000115147,1561.6315119145752,urban,140.6221758598657,35.28238208557723
39.6148368247392,113.86753442229153,38.17496204437941,0.34508374551323373,1321.9946502728806,urban,103.7891044899888,162.54658086093588
40.11062004244163,113.56817230938549,15.951614006477435,0.03010387221131894,2639.7438801810436,urban,23.37773048271652,108.35206398820307
39.78863055324025,113.52581190694949,23.87711337294766,0.9614923245741122,1516.562375170471,forest,36.5163925148116,26.215972340940617
40.08123822142261,113.63516628915482,5.59319289584416,0.6678679067008134,1523.2735145657064,forest,126.32905963096718,153.23142031655559
39.6543627152742,114.46311511158918,28.699568907638124,0.9332050877593062,415.11478416166983,forest,31.395911375131284,186.48879567547016
39.98114010185482,114.04952953589502,28.64607409380575,0.2654964074290723,2948.2186227311577,urban,10.878347543172213,189.4613798473924
40.03258943255159,114.46582216115323,16.064802382706947,0.6114636112256608,749.918672606489,forest,105.49200810633756,73.80354648223455
39.551823536822425,113.93249787833014,38.80069116396068,0.6784999682926378,220.092202378808,forest,60.37895332352131,27.103374712150806
39.83660427819392,113.81181613308526,-3.722489261867331,0.31754970025758844,1989.4387469256264,urban,138.00600788188555,103.67992532661303
39.634414676938974,114.00614186284024,-9.15261675552095,0.8481092350156301,1786.099110470618,forest,97.53826066404923,22.521845869844135
39.563374970472765,113.9395116886329,28.507910587854802,0.9471614629002478,1245.4369619782372,forest,13.562846668749112,186.79748370252344
40.48996023238995,113.60566468426174,30.35777686824413,0.8848551176960043,1266.576701642034,forest,142.17848508804911,36.715925471029195
39.82235384497472,114.1408263146902,-3.9896385439711874,0.7390669759393725,2355.1917631392935,forest,38.783589546036886,50.55317199023281
40.30987444585463,113.7160381825096,3.279141647930304,0.27746467972495403,587.1379202989472,urban,50.58187356094287,81.32730537699409
39.75464065476376,114.11958795489782,-9.122381831668555,0.28161604210563174,2460.759956834669,urban,60.339062052531304,76.63289371182516
40.18150272222393,114.15020109239815,4.665430539028234,0.9633603204460379,1946.2413416850545,forest,7.683644460646988,158.9325784795778
40.26022785988969,113.65202485312865,28.657093695933575,0.010284495935692028,1256.9093213385731,urban,74.47731333459073,91.26336411019247
40.095638740607846,113.56134962711067,15.898026385628945,0.7160499732421445,1374.0858497516058,forest,18.497773661293838,34.15365200066738
39.97157618855016,114.28076158606844,7.404779658414405,0.7062461625552622,769.9416215582874,forest,60.14554900325276,53.44197909721482
39.91184091414727,113.95980042376932,8.586964745316514,0.6226895409497974,2256.3429980909245,forest,52.60646819881264,101.8226770375044
39.84886826654299,113.55816379550548,-9.932318714226593,0.9901088460868658,1538.6242269158033,forest,115.92601251397551,29.490783485226977
40.42952914424782,114.49486631716977,4.9900263782617955,0.31187943576372523,962.5636282495308,urban,120.47557674490967,122.33113512920282
40.33061940778773,113.55778056099636,22.322937081896526,0.3399718637932482,1788.1503472828508,urban,23.0119323583632,113.14946131022919
40.46502691066651,114.19503522885856,38.70972219081786,0.07893940294655555,2987.2033561539693,urban,54.98267810688393,142.94046327645154
39.62429722348554,114.48367892526342,32.353041349194974,0.44279813654373745,1305.7868389696616,urban,56.002974154774755,187.54092307587354
40.230867475203645,113.73918010421592,-8.820251767723544,0.2610485262348481,2762.0742023358584,urban,22.711566590412758,182.45091222023115
40.43834045682104,113.6422493686872,34.928030233741964,0.3433867021776442,1035.0505197736984,urban,119.76802575767857,189.21512361376628
39.68123306616566,113.62138493942243,29.1599206649313,0.8345717902556277,164.19812077495766,forest,106.08424925031349,48.94311940474019
39.56649626736678,113.80327514756759,29.01880617854902,0.9354845135274957,612.7263191052866,forest,28.55726794455521,26.313061327870923
40.24112064929006,113.60104581101065,12.899787950178574,0.18573307200518563,1256.0854299830526,urban,55.00828628906986,60.4553400992897
40.07447311317991,114.19216134169413,9.900264647725141,0.37250893155346587,658.904785783707,urban,15.870753728477133,179.01703455326293
40.34182877675827,113.56229179813006,5.145786441659631,0.9286305621153941,0.6811146547666125,forest,94.2309895639566,194.41069492469765
39.63977237662629,114.0094221281498,-6.715257052281711,0.06180846068922263,2745.004613242582,urban,18.20578868229295,171.8649902140952
40.29526731185989,114.49669685385298,1.4117681746849549,0.09236052811137851,2531.6382336927873,urban,147.89012529373767,22.00354422550872
39.70162732004774,114.31397026950602,2.3301817489012304,0.16279098920622936,2226.8766944608415,urban,117.10231120317935,189.48559961195863
39.6636559428657,114.11521943823101,14.20385348551008,0.5952128341268748,503.4437869380859,urban,58.53578243759926,84.6716054701572
39.664265797930994,113.8062536207866,27.372220329834697,0.15047227100599747,361.09072862995816,urban,86.78458984190317,1.8620581524707358
40.314574720231384,114.12389583629164,13.69049141989733,0.9680763814507335,202.81424841714946,forest,136.7012724324613,88.47874814963872
40.1651972206962,114.02704146391166,-7.10777752764197,0.44671452725852034,2172.0875663187635,urban,83.11489205937391,9.213833935093518
40.02306542476912,113.92608338389037,37.88949004941019,0.5015179603501664,2786.423882063656,urban,26.174772959693275,108.77558423222351
39.8588304841235,113.6307103767402,37.13621595470561,0.2466586158054065,1291.607462739111,urban,56.805503337173896,67.71080548741027
40.37720054081311,114.38660421524047,29.25947715742042,0.4709602524347335,357.4220159881445,urban,126.4717297544618,94.68698671880975
39.89244510742264,113.94978464882132,39.56639507821103,0.6619136326370115,1537.1784621963197,forest,96.63195239844268,122.6340721486234
40.316599439471574,113.69462251182077,17.224116640013147,0.7511771369540428,1046.4957223758904,forest,97.60865765007004,173.76021916356405
39.93913490857022,113.8677593508773,38.138417512660304,0.753868082709913,1124.474773049993,forest,130.02322285327338,132.38031529438572
39.87694442942491,113.91412975252892,-6.219747969162461,0.5778911126940883,1863.9918724671218,urban,134.0959586193757,86.80977369563614
39.96267978566961,114.32753789556688,8.284037413068567,0.9043597749938572,2156.154339786607,forest,137.96888576691543,163.885570734073
39.80137787416414,114.2336143805614,1.2690634003382915,0.8174078473061094,331.8107966194825,forest,14.227378987973417,181.11642751462645
40.24760938017625,114.26930489364133,-0.20834579328649916,0.7570481146986254,106.77069241942915,forest,81.61890029446513,23.951993286439443
40.00272039009248,113.51103126442865,-2.9598525553661954,0.05560552168046062,2982.9909080571447,urban,111.07642818274779,106.3865955105583
39.73221269514682,113.91615399817977,21.120682078299833,0.006877962219649314,698.1850467466555,urban,113.53902676905207,56.90239194848883
40.39957457327457,113.98134415163533,29.06609278736525,0.21244727719547296,161.49157472537723,urban,91.00743029550058,9.412239575389481
39.88389122137321,113.51919227682306,18.914919971018033,0.6635235939134523,569.6259872877599,forest,25.018100277551124,133.70933902279708
40.04355286111399,113.75981320874503,-2.651864520589516,0.4111974888825458,116.87353904539266,urban,119.61308309124965,172.5541554918451
40.40647211096455,114.26028982312214,30.556188496673542,0.40240625929931173,1175.432683851515,urban,108.01670002724185,32.58053089547881
40.124237995913994,113.637109705729,21.797735358186426,0.8845868882296137,2407.205353353973,forest,12.920365732355442,162.4827315247801
39.616898040708364,114.03531013145259,9.408285306349775,0.8955628481318387,1023.7333492731618,forest,69.57147370115644,170.67914670738833
40.43983212361348,113.71520187201723,23.706514776803147,0.9091752640535857,1332.5502206350995,forest,26.096609928270535,182.8680885332967
40.127708053071416,113.51212077464389,2.995248962141643,0.3138780765150273,2026.7603207023164,urban,50.62155685694578,53.057017817210486
39.83490561465709,113.74120145759954,7.259610424710527,0.6910558127392618,1526.6822102096405,forest,2.7121638308528153,180.79061303797786
39.63927207266339,114.47587375491005,35.87429215659951,0.27163318127436964,2584.3370580639726,urban,60.04948026161374,64.13255094728645
40.29402518927029,114.301537111883,4.52522528357102,0.19060983307444979,2598.1070251372694,urban,82.48153817343157,110.46760269110057
40.12007275592851,114.45957664432103,13.499413407896832,0.18463245734736922,29.732086473460928,urban,92.93738892406303,10.101494166456426
40.03346109197632,113.98785404392636,34.507056869800735,0.34210762086359403,2334.1389194495973,urban,99.52355176930651,8.776217673748722
40.393892583050956,113.60973619867751,25.386067513376375,0.4299576197798217,1382.2008007250215,urban,125.443696965369,144.07464254644057
40.288597211224534,114.04795948897369,-6.889838691764862,0.8309491710550684,2966.521623910989,forest,32.319436091359506,88.8959955955582
39.65167487973275,113.95437733455996,-2.634847786051483,0.1198910934727121,1449.6962276263055,urban,18.07227336577019,51.25847507384351
39.81172206779555,114.34435708273962,-9.60792046140416,0.7349258473948942,2960.6878361648924,forest,127.73057578468885,38.08269920498204
39.74848913981447,113.59808258078425,21.54608951145817,0.5314549141893053,2263.70808361721,urban,23.491922233897483,133.9906981718436
40.24394629257268,113.98824113702177,12.383671270520917,0.2879453426759925,745.814653839919,urban,146.2140122004293,0.08030880506797455
39.53353243473578,113.65004866469398,-3.286257454886224,0.4928195845328246,1615.184937860873,urban,126.38073440979555,161.17823383937085
40.06988968487131,113.82467592689007,37.896706052838525,0.29994206977702265,2976.406918435748,urban,75.13149088343987,15.849921225985764
40.26245868574069,114.2373570773878,16.482986197280994,0.596081955238306,2572.591823255771,urban,147.21321373830378,38.29792298162389
40.376765636761746,113.97601812936877,2.0946647056444583,0.4338439228552442,292.1006813736633,urban,14.606509366200632,77.24727905981791
39.842081748715906,113.87588828514576,15.030178557735379,0.16440552907887873,2119.1159904299884,urban,45.45986417626525,96.97174794322072
40.32125730467201,113.89447627857004,23.981016636755392,0.11658307455569672,1036.7387576124393,urban,95.73366225609172,70.99902316278836
39.610631736955206,113.95944676840598,-6.188039101321776,0.5466956820721302,20.94678564104435,urban,52.50103027097681,64.14243299685877
40.346452291734515,114.28501654383706,3.7351907523945993,0.9024130332861034,1210.4429070809988,forest,139.25588279711877,192.78320241463769
39.627488662331984,114.39208468894023,30.348274544199683,0.34395768655768555,704.2632651749138,urban,9.843913226672635,128.31593624867884
39.89728729056037,114.45533468650393,12.983243520133062,0.7330001072226232,2456.6078115614146,forest,82.41177480914469,4.686591073477642
40.297295365779554,114.28690338625529,17.328857101614744,0.658661354939767,1011.9918265372964,forest,88.62994010926718,86.03518168886264
39.649917427348775,113.81540689574801,11.640800110473464,0.931554914309481,2482.571081861451,forest,97.90921856658362,175.00173994879404
39.729251395232644,114.18813470608654,-7.805002867849744,0.8209810172991409,1.7938165043859255,forest,38.34993349977216,60.291237282133594
40.22225256839307,113.93760312405539,-1.7125110089922035,0.566605258905463,923.4574500783574,urban,54.68496412797967,18.91126895487765
40.220036536546075,113.75467062204605,12.277081937094543,0.6570304982341073,723.4956429232858,forest,126.55207944974664,151.67695431798356
40.1411476328853,114.34087157942592,0.4592732703963911,0.8983864665840349,700.702083205833,forest,29.241415345523976,121.20276638721626
40.1939484444671,113.53842634896232,-7.501048567016063,0.3995187845869348,204.55985929638808,urban,124.0301770760043,114.06250156530078
40.042724443347595,114.40176199213542,32.182483202591186,0.32679470585777737,561.3728112315051,urban,84.39831343541135,10.715311921481586
39.751799058906954,113.96147746462474,39.05962645820579,0.010811083635196339,1666.6487096568596,urban,114.32812667911232,28.099801959103466
39.84569599350392,114.13720147680829,29.657143699836972,0.8265510741914642,874.0832185132334,forest,107.04110493952074,124.50987924262276
39.68159771680143,114.15935392220578,32.68924608523335,0.8009807004033649,1252.1843469874439,forest,31.126724307731852,41.564768291767166
40.40845056133363,114.39511774070654,2.098856515852269,0.10445451810015138,1130.6006410415655,urban,85.32191046508093,100.81401594968486
40.08339179476612,114.13666968216721,38.031348775659986,0.5768573811327002,2627.714774999684,urban,130.15847292076387,108.97633720587869
39.90085141676364,114.11393358476006,-0.15371477732858096,0.4639816981668874,2715.8969970315466,urban,64.81743552028941,56.70143805418788
39.96200580364413,113.56665204056068,37.571490518091615,0.11870909550911146,1478.8709149675801,urban,144.98861553349752,189.68503110829857
40.447283339611815,114.0184080219452,39.74096469829755,0.9805682270607236,990.4678509468132,forest,67.8322650152577,168.49282136711503
39.65335140311608,113.65016900081704,25.586140287302435,0.21469588746335544,320.4021120070909,urban,21.417845500182704,144.4747015265597
40.0862298320168,114.23743376872149,39.0571865895911,0.06723418009056115,2860.208638146285,urban,58.41520201165098,15.598773281881817
40.00588867888447,114.01222192081268,18.476988978355184,0.5948473795019096,180.68083470089235,urban,142.75536095858058,21.22600386180389
40.11145423543465,114.18022777920835,2.9770891588045174,0.7388666771330327,892.9508327048413,forest,47.958127400978135,98.55626917299114
39.51811018382084,113.54167290060238,11.849794283281042,0.03244344604718696,894.1986035100125,urban,130.21472398005943,32.142669838197136
40.372123908944154,113.58479201604581,19.678046768939296,0.6587176387270222,961.2038584206447,forest,132.18760225228348,195.6530927058948
40.432118282483614,114.21632338806268,-6.345921898649251,0.5322918759514544,492.8605298172278,urban,52.52797864979416,31.704046805481887
40.06513318358921,113.57208433599867,21.117163230862303,0.10326500887504841,2349.4842927710915,urban,12.488648707594818,97.49356709279479
40.196650823876894,113.57125672776526,39.058891838114725,0.17252387694636206,367.49358589796765,urban,108.68368637382274,72.82421136830108
40.422499381177296,113.51210847523488,-0.4946175108136188,0.5679742973160805,1904.7199774594883,urban,46.726844852097905,127.87728429081959
40.2072386343134,114.45650139829948,29.629755814419163,0.2963576135132884,371.53808011745235,urban,117.43854213863585,25.80728177788498
39.65253904291426,114.23750835945901,35.39493968898097,0.9383157286513161,211.60691277886968,forest,66.39822723906497,86.06328560847818
40.076288360166814,113.85325140850206,37.18507964101104,0.8187402294840508,2728.2885110576294,forest,72.79001135139323,54.94100656142873
40.10671504638285,113.79653558128766,38.00678022027236,0.983567206513663,570.386298956117,forest,116.68641101228052,177.55030493433762
39.924130671302386,113.84970322974586,16.072981936073596,0.259670838950414,2463.7504636791127,urban,57.35449965924418,8.117142426939017
40.236444235624724,114.27465353118119,38.865395399575185,0.969723632797977,1633.8926133214075,forest,66.46910179843718,182.74549880129186
40.434367014769016,114.16137061107041,27.86551035672194,0.43123386979155787,233.56955882630882,urban,56.428570315443324,166.5988277106001
40.42556851290678,113.68519556786747,-1.9164281881519045,0.3475187953137546,2866.3445743142024,urban,55.10107729159199,59.51414328816309
39.95083937140413,113.67410933533408,13.8450053233985,0.05034952696935324,740.8835009756775,urban,78.8919865352189,157.85813093542095
39.61323804584075,113.5983956497134,25.916558768600197,0.05276525785960262,2578.9360360578194,urban,121.3199166751726,6.242712067749512
40.484841198962336,114.16030271970133,2.3670157909541665,0.6920112559466547,506.4300173536925,forest,54.26524678838488,193.37311005867872
40.33889808644594,114.26437266222173,22.030759177444367,0.4579289944340279,2561.8286464255584,urban,78.6382080806605,105.31898851795786
39.62466268120327,113.76504642832501,23.33002395233096,0.2265216260361057,39.686438715881955,urban,100.60909881639013,60.65620521308905
40.420841882617374,113.5209449610309,-1.8650128095717058,0.6139703063252326,1535.341369708442,forest,40.415916945548254,72.51664251893541
40.36989636206213,113.58217166747643,18.254265622637813,0.2528581182501112,2308.32773826467,urban,41.62842073535889,13.281070692099473
40.018838057126075,114.46786003484503,28.581345548930386,0.5776317543444226,2804.38655247835,urban,140.01196905351821,197.86990280840783
40.091275435744926,113.79544477747741,14.944783226797096,0.35920874698269034,2727.606408619461,urban,108.53018599966329,7.858389030138491
39.89900270387013,114.26922314783813,-9.394844161194628,0.823552226611819,2458.8746086429346,forest,86.57800143349633,130.98142462957182
39.55476163882203,114.12466356885426,-9.548076546035391,0.8206961607667793,2664.5740489839122,forest,97.1580081630918,88.54718554129167
39.8351972416459,113.8819396396529,7.8514671985006075,0.4773503981224013,597.6590575112295,urban,4.394916465512755,189.78324363774303
40.302853448598015,113.70568726219555,36.3097034215891,0.3508191093350156,852.5528871351863,urban,92.71544483425453,49.19994806135903
39.5046320230046,113.6213864181594,1.4338389801804379,0.36255979655909454,866.9055747631755,urban,76.42633098363028,106.41736478760227
39.833499171691145,114.11501296803887,21.718184443584356,0.8057145256682179,1131.1617930050963,forest,81.86245196691534,96.4712417165506
39.89816869359095,114.27463378063779,1.1037935346660284,0.328179482797612,1179.9620111555662,urban,53.91357402462256,140.57328881002027
40.03739560293792,114.14390425354114,6.08349948297743,0.20905937370684602,1633.6659739640265,urban,12.221084656941283,13.602046390484102
40.41985561641276,114.03030213324917,32.4021044800742,0.08468834187530683,479.63929009932417,urban,29.000885041807827,38.75782600467097
39.84634599436596,113.54195122343164,26.443072113497344,0.4666931208844084,2073.739991357968,urban,142.61170698190077,42.912964018569966
39.84695320189623,114.46848877759439,-5.230036134339469,0.4821320989198419,502.6996179135195,urban,61.304934340640095,147.63015096833794
40.23750124810975,114.29871419165457,11.43510104932168,0.8409087104029072,930.9254463136426,forest,70.00247337462963,37.827739265348015
39.95221794088981,113.79282203670097,-8.541511817736776,0.22123869644606398,1510.0353918184621,urban,7.906468478015849,114.69835277819533
39.72460482293998,114.47997032935885,14.044507330150449,0.3809912736683999,2389.321684570432,urban,5.634934431597088,43.04876410019074
39.95243951613269,114.10188158963632,23.121700585053404,0.8084057388936909,2218.407699716182,forest,107.57721705701366,172.32499001679568
39.6408570203798,114.08242265820725,-4.074868820092422,0.8236236107489735,1936.6030692315667,forest,80.71419961816669,188.4370908979277
39.67638698650622,114.24807317942953,4.444246945458284,0.3846110759787682,467.31978174051045,urban,76.30589763244001,103.6985949884481
39.99836777273948,114.31176978809013,9.891831275107847,0.4591240232866809,1641.136036846733,urban,36.4686795634003,70.46177684183566
39.91892544950455,114.15647860733151,35.976551232802485,0.3032858908492829,262.33950539965633,urban,111.71260974448833,46.81155500349983
40.4148459010681,113.6280957463662,39.662750771148204,0.9325548784193121,1132.0895303899524,forest,25.23548686627378,9.956200304608753
39.86239389911663,113.8382675059945,-7.754435050219207,0.11864376574158031,1240.5495908698774,urban,28.490211549153006,53.70001523949908
40.08058835027804,114.42808364032605,28.050396174769602,0.93374942300147,119.43431833726149,forest,69.10682570224132,130.84715598906357
40.13226428791953,113.72461561184384,8.58620332011716,0.6838664518353432,821.9642984099155,forest,42.941979316791134,106.72338626184217
39.513094456588334,113.87216702383752,9.622909311474,0.5315721526867312,2866.9484017994682,urban,37.11944718497195,188.80825565618548
40.16353737201671,113.9320768829442,27.713248667351138,0.032659060784495875,2860.8978234890683,urban,96.78564668299975,79.25545249834012
39.67803596686975,113.93940498969445,35.921321607270436,0.4755961918220083,1056.981162757618,urban,97.64576178278168,138.77266846567892
40.461070317469456,114.11293958249452,37.54642972512742,0.4077481050027323,129.30032684497218,urban,123.67756046998939,97.86454949502428
39.64866272775311,114.4430758377447,18.856129301916038,0.16121881197512256,537.2848179845446,urban,62.65628504594638,102.51524318484233
39.91462412372702,113.74069271183251,7.8560579650251405,0.6564096035006569,1176.6533803006205,forest,10.962763653922536,53.554862920823496
39.58534966807864,113.62150137630091,29.377454292938964,0.9711509073682858,2843.3390939076894,forest,41.04995773821865,90.99015536839994
40.496874251845945,113.69747048985994,2.5500691631150136,0.5621888110645251,423.59719061155477,urban,147.00081947952253,94.15699940254146
40.00219501033124,114.38692490020927,18.20370144167589,0.7147532764439458,2290.5475310046368,forest,89.43878628490532,141.32850434978678
40.09538501732004,114.1458108126552,7.9289230762436596,0.06845045256601678,326.0476181240762,urban,106.46056272015304,188.12799983722277
39.567076477388426,113.78590678923916,22.831553685393807,0.41766699581699473,2943.7727321738307,urban,1.1036744438121804,65.86425549650086
40.24996047039918,114.31594693896862,2.019945644675346,0.11635848516449587,1144.8494973274048,urban,77.73085982737813,8.440093716259689
39.709905593095584,114.36136999636344,-0.42035271325871193,0.6127958355365104,2325.703616697168,forest,5.629298629770468,99.25902510012794
40.398054289440715,114.34651433869028,35.91195433377185,0.9384821582141546,1027.7732484333956,forest,85.3845318137172,108.89226642983371
39.70513964048201,114.41892653363955,-4.909815852523155,0.6617777324716385,1883.006631476426,forest,138.1156274454113,33.68811022638305
39.69068772066367,113.75224102017336,15.297895386746582,0.07680304831442153,576.0482542201102,urban,145.2628695750612,152.09292125521335
39.53654966784809,114.25504192874628,1.042639148150446,0.35466620498508283,438.0630578908876,urban,81.08290130833862,196.98582168829833
39.97206694511,113.96053949727414,-8.053501833716627,0.5506633794408515,2814.1924187043937,urban,68.7307207878324,189.15494340169218
40.06484113326262,114.34199855289006,-8.199059085428681,0.4032077561332522,2752.9418337133,urban,141.7525641372741,39.42120776473044
39.56570863942835,114.22849067716162,-1.2389113947086337,0.8336440104751723,2662.406820638647,forest,101.04147479950427,175.07264798015214
40.27552761669501,114.27644744649973,33.338517725300015,0.8146710047099892,1876.3003504997803,forest,9.73489193076142,140.89872728233695
39.95328883474803,114.15616183768107,4.123937198851333,0.6118310201032214,2424.8046336488346,forest,69.85883665012463,90.76931276138231
40.02439026932758,113.67742876946971,37.52295852876479,0.37345794513270525,207.11081073412473,urban,36.03675276964559,108.1221988649458
39.940762746938226,114.04502691889694,19.08111464945968,0.25533637376324414,1004.3671256720374,urban,70.47064821730224,169.9200349964916
39.90076306087533,114.4846697395245,11.830709488438305,0.10587431821312931,941.1093742714687,urban,68.31983580095427,96.02698792767464
40.059640331308216,114.43738806649712,19.00444173347273,0.35489768348655404,1906.9359658578398,urban,87.3217204222113,74.64147382102537
39.65524024593071,113.54317373579701,15.834919261313388,0.4131725172077195,1067.8733204119214,urban,53.515573552387686,98.64949860519717
39.68192813049527,113.66481481572944,27.93881268786626,0.6758229251040736,445.5203449310424,forest,24.64056741838921,115.82596080700982
40.36178562101352,113.63172877345457,4.124803298642613,0.6581598242975735,1789.401226240631,forest,75.55791518849344,37.81553075566977
40.44611546213363,114.2259799099853,7.65251958001512,0.07010813964125695,2443.1517620072445,urban,124.5304326518643,180.18154605339814
39.87330931627975,114.31778532985695,34.704715126662535,0.3952593154311578,1146.3704833799195,urban,99.60183421014034,134.83738976592278
39.770744673143554,113.71351136631067,37.322825657520276,0.18177886721736192,396.8061452954451,urban,50.75517988878238,126.65378346749779
40.14399954323902,114.00585269295183,34.62791137432372,0.1568127053168057,590.0645919384691,urban,140.32845341382858,19.899245236127626
39.9087341710981,114.3407030280112,10.97239969786568,0.8273021497372459,712.449915508152,forest,136.83113568737733,120.83478763451836
39.525386355660345,114.23280154476625,29.01827515034408,0.04191521671625753,899.6927789836087,urban,31.402259907614816,24.192132447698466
39.65615259736619,114.04223720549184,13.816786665054941,0.41918287590212133,1928.3852115189275,urban,5.912637768054446,15.739535039079811
40.2159722288474,114.09034769045877,14.876992607305109,0.1682036557665182,1802.8364536131571,urban,111.19630625261433,105.46217912847867
40.15892394191015,114.00836054691628,0.2340054528641975,0.879330215678474,2088.2395847011176,forest,124.141539202373,80.557106809299
39.52709599250348,113.79754845131882,19.556515162925823,0.5570405132750351,1087.5059535945395,urban,145.17968489270328,117.76205403124465
39.721972161932946,114.06502199285902,-0.6932051123326026,0.23138063637684803,2471.9929556399347,urban,133.47545911324661,17.84443361144772
39.73107479658807,114.1888853020501,6.57823495335969,0.5024272871663764,612.2629834672808,urban,90.08021523096222,86.19661256945167
40.171892743598725,114.37332291586081,32.75151008099676,0.7314863597031158,1407.1222425544618,forest,79.50785088185712,34.9573430090316
39.519710537754364,114.13629135397925,0.3537904605427613,0.9581180089194338,2402.816164624291,forest,4.176157689387944,197.4200171848233
39.604108581984576,114.26112153704315,-6.442085741328359,0.22044600424541894,540.4759431978578,urban,36.998467026716675,112.23004248703488
40.29991608537319,113.66007163495458,-6.549620369359185,0.8861817721293451,329.5893412223488,forest,68.94221275993897,137.48737218817345
39.678544662054335,113.96155747441979,37.03922602515539,0.9343041141674903,2651.0519030639693,forest,94.27558501253517,65.08365613652157
40.152746107851875,113.5093316198271,15.346021898091731,0.9164205445320662,1028.7889882775876,forest,83.5877749977616,18.94778295586883
39.738182781046724,113.74667886452163,10.470603590850917,0.6354143568619098,2051.610374727096,forest,111.39539845225357,195.17417255670733
39.599441392759346,114.226461715113,30.543929050395924,0.6298206544347077,76.04581279181544,forest,41.96503963305613,57.25180707663664
39.74317219099945,114.49180995134937,31.791296395525798,0.4032106331838228,2070.140665228349,urban,84.74289114787099,84.76163703471484
40.22226693185566,113.59917809958722,6.60955165578023,0.7523978823037879,948.3039346409115,forest,13.221336508618819,129.972784340515
40.35569646810629,113.90149431586129,24.68090287368976,0.5312940183509319,167.22256076232523,urban,62.04982853748105,4.939459537222257
40.33021986456699,114.30007096869916,28.556140792594327,0.6774380712282945,1829.4382846443511,forest,112.52412494319015,162.0518261034574
39.89718352961845,113.7040356346289,22.73253434329773,0.42845790384879545,722.4114482195198,urban,104.0101280143566,107.31563800572405
40.168085136570646,114.05508494930228,-2.4202462599950314,0.7314964640431391,1160.42172615564,forest,148.59641057582684,55.64343741376443
39.70498429541582,114.23307129602968,33.79415417585285,0.8244715176045491,241.7424368595408,forest,41.683668898163404,12.32159705849385
39.79314773026101,114.11598545026018,16.954727636800435,0.14643625660281612,441.48975328483596,urban,74.72839487609687,32.49968309488829
40.396335818521116,113.68802473461541,4.123621318500184,0.832929715574228,893.9317064875313,forest,49.42956206609951,179.00677177068738
39.513001923510735,113.85538456868574,11.261409271884695,0.5402965317903072,269.2785016804714,urban,66.09046710887621,137.20484478717822
39.58550853085447,114.2837917844854,-8.12144548005463,0.8446659090902243,2732.478794058946,forest,128.54251948040823,49.98034432737797
39.70788625514603,114.05422651413201,-3.6066599388791225,0.4313017063410146,18.141129551935254,urban,102.63136127827299,13.120152989005906
39.52653220387382,113.50522961354291,28.277337525793044,0.37904048538303503,1451.5806565929342,urban,132.36617870213726,138.12306247732727
39.681435435089796,114.2609907600281,-9.999418262231693,0.9150607325172224,369.7423743976543,forest,30.52666624978297,114.48154519355302
40.08304156096969,113.53531135494023,10.82829142411461,0.2511692675484013,923.0372684338456,urban,131.0041676762157,80.903904891647
39.9214245505925,114.24573378273124,16.125509054279423,0.8442123252861431,2778.1786794547966,forest,8.964341126757663,72.72228983801277
40.39267171107697,113.70248056016524,-7.268278999951385,0.4840205725094041,485.08365982196057,urban,133.28989206557287,43.36285518582166
40.31744356173844,114.45807348011938,38.653908148616644,0.5140954425512597,2897.496959154998,urban,49.361066919109184,133.92225130750353
39.84181735169788,113.86794075130209,1.3062665624835965,0.308468281489484,617.3831309682652,urban,47.18814501210997,194.1336055587741
39.759423433431294,113.82693161633807,5.209935981814043,0.5730422006190157,2224.6983254004886,urban,76.81328650479959,35.14304916736517
39.879692408167266,113.64888805033245,5.197125612751366,0.3252111962762113,1640.0317946919351,urban,141.10352815848478,119.42332400310067
40.09029494251481,113.80560421549022,1.5208331058674958,0.03926941424165231,2653.4361827902776,urban,7.167204702210805,84.83701114919523
39.768063640822874,114.3766507618282,-9.926308895684429,0.27199860534435605,1661.979766509393,urban,52.8346462606118,89.33774434893297
40.12414890784913,114.49633433762725,26.467239704399816,0.006379043406590679,1603.677657468926,urban,128.48579830250037,50.82945602556288
39.90941165219124,113.86830953050685,38.34227498996427,0.9783547870568566,586.3740011051997,forest,59.40817161532001,165.0269751322838
40.05204718085198,113.94861063095455,1.2146741642522532,0.9657472098197475,498.6880861549762,forest,29.873534639560052,97.05112082944822
39.936126529135315,114.22207093820273,23.152359590171123,0.39515529747230504,2749.4674533465427,urban,63.719127199711764,108.68117043965282
39.794465759541914,114.38619578046507,27.094816347935755,0.728370854339646,983.5145965501022,forest,57.8328752237504,60.95218255946515
40.44845330696216,114.09304433418679,32.421268954526234,0.345806098410425,1116.2467648886877,urban,137.31243022000552,36.36169313338995
40.26360579415976,113.89152569817783,11.131459850680457,0.671093157085976,2279.470975285165,forest,114.29015636146457,17.182077640564096
39.64011317576645,113.91262184084863,5.146545282021462,0.8054300430459791,1016.470447268422,forest,75.76733336160095,142.82382818498317
40.368467975897914,114.19561814649681,6.264756701151555,0.9467562446922407,2856.187339917008,forest,148.25558500823567,39.246856337571124
39.98743119824951,113.50321826360428,25.63106665492564,0.400212275849672,2213.783306996401,urban,69.7916296913885,138.01507083775954
40.39455222689409,114.11958933745984,30.8389733252818,0.7832979829560477,1792.28772772026,forest,8.735674623041284,78.07528920939077
40.299855255947314,113.85549301044136,-0.9193016121698676,0.2659284506321188,2642.6854816342575,urban,39.341148272247736,83.1549601979303
39.925213504469234,114.29419733127709,8.54705040788826,0.9903323037936483,148.81772504844827,forest,65.4105720328969,93.83549921855435
39.52246930832012,113.59299063982313,35.097009837457506,0.025769598764351143,771.1880765676262,urban,23.535393621918015,73.54170162550864
39.768677359384945,114.08820226694839,30.33467598473696,0.603528806501121,1395.1090026627298,forest,142.13476894860645,20.123995444518016
40.04163421466087,113.98097288988612,39.24292013812379,0.6595059816513271,680.9356184145631,forest,115.02733467266596,61.926362000569156
40.133478219826145,114.14232552590522,27.712412984104034,0.6880455570741288,2231.7155619064556,forest,40.243080064165895,132.7468721387877
39.757887685433204,113.56485359448297,9.659760051396113,0.12038757878908901,2757.6240931611756,urban,88.62068002768737,133.15688029377418
39.63935607407282,114.07998378742813,19.531891699731887,0.9385297834731304,1271.3103597927702,forest,108.21737356643581,57.24486144799887
40.3349302367993,114.06148458795953,23.050712712366014,0.1811832790500828,1026.397800335685,urban,141.1918393360197,92.0205253115376
40.484402180703555,114.06066009441616,-6.077209184143802,0.6227534032398411,2884.6521964126987,forest,132.2453023763116,38.689445602387494
40.02569018230268,114.10348766659645,17.224847955193255,0.22267607912308496,1334.5572984826224,urban,77.27883392073205,42.074416305967155
39.671679285848306,114.17646793722636,25.46604142363048,0.3072164170212709,1467.1452013478497,urban,116.19789296895264,4.6094176813214816
39.77230732651937,114.30498899968077,-1.6339347999469815,0.5464585417281244,1054.9496170257162,urban,84.32171307413775,179.3493099815489
39.51839067654747,113.76982072012821,29.031585871277855,0.4171934185645765,2728.645419036415,urban,82.90558350683102,42.14133301498124
40.4142988065605,114.32504941018006,19.18863902570558,0.1602256009765063,1706.8664498455523,urban,17.211293750728785,45.50677538729266
39.61775108289014,113.99825568226345,37.61108928487973,0.1709364024208483,2286.523761544934,urban,18.92064870242281,55.92028652902636
40.076516475514254,113.57705827913433,-7.878885089655415,0.41814478816279965,2435.420155052659,urban,79.43004225336861,25.4816143390858
39.7740552206872,113.55855092924398,3.2663068777733493,0.7572829782755007,1025.5471257517745,forest,40.32923174685099,127.85257663627256
40.05417800251579,113.83423831869607,20.077693964991205,0.8979646468477885,1301.0829939611401,forest,3.1555353690702947,15.028590635517315
40.151420388351866,114.28489697711147,4.827995610296535,0.08412766225938284,2545.415323218794,urban,108.42588058503185,26.840485265270054
40.3297418037072,114.20768093474092,25.721208203562114,0.39310390755940106,1089.7660550274306,urban,4.872989503524744,128.95134531801858
39.706421271760604,114.2886149646724,27.95026412609655,0.10024556372287663,2381.805400355554,urban,89.29152616560818,67.93212409628855
39.51099582865848,114.0172690564416,-4.874201796676277,0.016592480632597884,2822.976967723311,urban,80.87906911909715,141.5895653402378
39.636885630068804,113.94019899795549,15.692723210338386,0.6617186826439566,1869.631119204021,forest,145.32220358667067,111.48494893402841
40.400018641848106,113.64745252670629,15.444527779552793,0.6024494419665878,2224.8818623556667,forest,72.63197090214625,51.20423461230261
40.373890077562514,113.82819275360931,8.464038510777055,0.1630191138148862,2415.291936123405,urban,9.540215456669603,130.16559009786562
40.09741310217031,113.93401936617387,36.646243128483604,0.2338128330930641,2535.1189466899277,urban,82.75319517096925,23.254736058576132
40.10051686043365,113.58860042967962,31.37531599366106,0.02370775364451838,1185.160013570388,urban,126.16442559241521,107.28207661600608
40.16503667454626,113.72061195271121,24.86046909548184,0.8349472056944037,153.7903775279945,forest,149.527392642216,87.42962100900694
39.67537127862345,114.09822529406374,25.716331786749876,0.9746905960485515,1205.6288137102185,forest,64.55147605336087,53.57471656348815
40.41441194592496,114.23566311423919,13.085807190655956,0.1354595367946908,2021.2686893522693,urban,48.044811374511376,120.80099954790002
39.918770524892075,114.49834751139295,36.049726054828795,0.23147521376529812,1351.0511573423782,urban,135.99799454279983,174.2667184680565
39.883138528249496,114.43311333134356,24.729771362664266,0.868409523946934,2246.8894525811957,forest,28.686319361418207,199.78093995261534
40.01891770528284,114.1425651995352,26.44905308279082,0.9264637979561848,1070.9472884059917,forest,92.31433725493899,121.5525537486849
39.546965966775055,113.92124805329408,33.08454518936726,0.41962738280681033,1904.2324233120887,urban,60.85716362714216,80.94117486583403
39.666283368756076,114.13617736470823,3.7035794671095505,0.050622472269074126,559.2594145619238,urban,6.162354743333292,45.04142004324032
40.23803361642637,114.28565161808024,30.35354519333515,0.0393918336928194,2248.1083099348707,urban,52.093271145854665,51.41921787902235
39.582798667925125,113.61833619092339,-0.23796985217539834,0.5739498660690104,1637.0879064390776,urban,39.784278375401186,95.89099562995314
40.103152109466386,113.90990488969629,7.267097612244392,0.392895108893179,612.1931656398018,urban,102.91367309152302,73.45554025614184
39.74534910968132,114.33980228563561,6.780522713492136,0.028652427577654516,875.7335204934218,urban,142.31857465378772,182.76290452498884
39.88929561404198,113.88383295193304,38.926273419457026,0.5832523923125568,2245.826125745497,urban,40.20707810679566,73.6590935311419
39.788693736770696,114.07187227122719,32.82686118739634,0.011302536589022472,1447.803706984562,urban,121.71989087275226,74.6889182290871
39.85567271646495,114.0877693608622,25.058493079512985,0.787371958149273,648.0943211792166,forest,8.303972540761428,76.70690248679539
40.219045905184245,113.68447625313364,26.35283808076951,0.3064328227033716,2901.813571110893,urban,80.71815150597197,167.32404207353161
39.79712171562318,113.86223544165229,18.103639720128555,0.0402580030092321,2145.3750594506637,urban,10.582509556484187,130.15766416938038
40.066404640296895,113.83451128874194,37.35453335542596,0.5883522209831533,2871.4044976193886,urban,140.1049486695959,122.83377006377853
39.9760504021991,113.52619670853207,14.812937644118076,0.3976844144330547,1281.3151360810296,urban,114.95269208360853,66.82860447677244
40.16367116536265,113.52419176389135,9.025885493494727,0.9738004133571495,1425.3010220751614,forest,98.69248668068884,163.5808353664879
40.43682973932476,114.33169704367577,-1.8482331534204501,0.5441986625037022,2693.8656485550573,urban,123.58445724369965,7.672772271140227
40.23257209721025,113.77307080997281,29.310282613052898,0.2752391810370083,1575.148020736154,urban,97.12796933552447,174.15943446762265
39.714940378590754,114.01807876623882,26.722196603779572,0.7094388646339748,2121.8367357170014,forest,145.34165957614368,102.54997995878593
39.53118313506128,113.79872557358877,9.217751926206745,0.27149200254271133,756.5186324865899,urban,107.09369217971573,79.65004697268256
39.762264044299826,114.44067924511533,-8.740329302038532,0.9042432914075651,1340.1794061079215,forest,138.698791437337,99.43345614353714
40.095077930700256,113.75929675886577,31.949866385900535,0.37472197050737643,370.3495974310653,urban,77.5697838015957,133.4831061067662
39.55142581348425,113.92965681273894,-9.429100827296319,0.5498685627762052,617.940107630885,urban,17.559661947279398,2.553085303579472
39.99636624720124,114.37273025048461,25.18498898145255,0.05057310382422886,2.830245802893261,urban,79.22665821345257,174.31037129164955
40.096842848916886,114.34193356679181,38.512855486302854,0.4261212379522308,117.7951549459807,urban,19.030924209463997,89.34790506227857
39.834243890816964,113.68610141784627,11.883066407410173,0.832363539660995,2931.851469530788,forest,88.87402187646076,68.59330394001563
40.27091220374582,114.30264330979571,1.7486702497976374,0.8056488053633419,727.0610854102869,forest,72.37395907914944,27.64911312681142
39.606598253133775,113.95818688673789,25.243550502169086,0.22431855885352625,1989.9321285120059,urban,93.38630967491726,87.89307487168843
39.57513778173581,113.98296887208535,30.856407100779258,0.22607907101056268,2517.2990963988345,urban,1.5070471582247391,99.26455425687577
40.2281887562036,113.63347997241594,17.321515803892364,0.8173053122132368,1651.9813777096929,forest,29.226073748304614,80.72933889869556
39.9954913162062,113.58060151375713,38.35176376280731,0.9303984201693255,459.43350025186857,forest,73.69956478681964,135.73201876537942
40.18840239642773,114.22793930697377,-7.416563917101945,0.09536092127300355,2184.349312008499,urban,142.57553423837024,84.1793057518452
39.934827338603746,113.9964611523553,15.239779915226407,0.45005863942622526,1800.7542302987492,urban,57.54135605327376,192.28351556931466
39.74640203323911,113.93685070261517,25.9226973661275,0.33745427896422897,2193.751768042125,urban,63.6558039080452,119.85550356471836
40.3191023176742,114.22950822865239,33.13202355745895,0.8706884554574393,2309.2398685712615,forest,107.20441335099332,161.49558713038178
40.29941587896898,114.2655128989911,-1.0372194046104983,0.08352491468001877,2926.231103054235,urban,90.56891359291771,21.871180621895768
40.194696470854424,113.65890816766935,30.000174088184068,0.2111259425580374,1720.68984008013,urban,44.83892251474998,79.45825858918114
39.77214513722996,114.11022514947764,17.635353785927265,0.7524683375864943,1024.9233380718056,forest,61.622459335114165,67.36954028943055
40.09023066686909,113.63535408227769,9.82768409949816,0.051293848981215584,1945.3936707007113,urban,32.65496982858487,113.89647762731836
39.860973896940024,114.25137508602904,-3.414248571045322,0.49253538071428926,205.32212772787838,urban,144.9032188695313,172.22270401228513
39.591582073326634,114.15695515626714,33.26478794544562,0.44210703467972,2692.191954964759,urban,19.59515723360396,15.667643552401334
40.417313575462245,114.45661462108346,-2.1363395910142327,0.33440117898874866,358.14303401459034,urban,55.775517684962914,14.514959608942156
39.63681863091896,113.56895801635642,5.489392960454962,0.3945723153189238,983.5285136574547,urban,3.8758458330016787,170.06354163151977
40.4502373538208,113.55705472115126,4.502276598121844,0.5299405869302329,2447.2361418783626,urban,33.26692379003196,42.570017207671484
39.94600577295795,113.7821870746932,33.57070170954272,0.16136735838838312,1791.9371349921355,urban,117.07067075702324,133.75065088996274
